-- INSERT DATA 


USE TRANSPORTASIINDO;

-- INSERT PERSON 
INSERT INTO PERSON (NIKPerson, NamaPerson, KontakPerson, JenisKelaminPerson, StatusPerson, AlamatPerson, UsiaPerson) VALUES ('3372000000000001', 'Merche Anastasya', '080100002220', 'F', 'Mahasiswa', 'Jl. Tukad Barito Timur No. 33, Kel. Panjer, Kec. Denpasar Selatan, Kota Denpasar, Bali', 24);
INSERT INTO PERSON (NIKPerson, NamaPerson, KontakPerson, JenisKelaminPerson, StatusPerson, AlamatPerson, UsiaPerson) VALUES ('3372000000000002', 'Miranda Indah', '080100002221', 'F', 'Mahasiswa', 'Jl. Kebon Jeruk IX No. 10, Kel. Kebon Jeruk, Kec. Kebon Jeruk, Kota Jakarta Barat, DKI Jakarta', 27);
INSERT INTO PERSON (NIKPerson, NamaPerson, KontakPerson, JenisKelaminPerson, StatusPerson, AlamatPerson, UsiaPerson) VALUES ('3372000000000003', 'Majidah Aminah', '080100002222', 'F', 'Pekerja', 'Jl. Pahlawan Seribu Blok F3 No. 5, Kel. Lengkong Gudang, Kec. Serpong, Kota Tangerang Selatan, Banten', 22);
INSERT INTO PERSON (NIKPerson, NamaPerson, KontakPerson, JenisKelaminPerson, StatusPerson, AlamatPerson, UsiaPerson) VALUES ('3372000000000004', 'Janua Abraham', '080100002223', 'M', 'Pekerja', 'Jl. Dr. Setiabudi No. 180, Kel. Hegarmanah, Kec. Cidadap, Kota Bandung, Jawa Barat', 35);
INSERT INTO PERSON (NIKPerson, NamaPerson, KontakPerson, JenisKelaminPerson, StatusPerson, AlamatPerson, UsiaPerson) VALUES ('3372000000000005', 'Maxwell Salvador', '080100002224', 'M', 'Pekerja', 'Jl. Raya Candi Borobudur KM 1.5, Desa Wanurejo, Kec. Borobudur, Kab. Magelang, Jawa Tengah', 29);
INSERT INTO PERSON (NIKPerson, NamaPerson, KontakPerson, JenisKelaminPerson, StatusPerson, AlamatPerson, UsiaPerson) VALUES ('3372000000000006', 'Yako Chani Isan', '080100002225', 'M', 'Pensiunan', 'Jl. Parangtritis KM 7, No. 22, Kel. Sewon, Kec. Sewon, Kab. Bantul, DI Yogyakarta', 48);
INSERT INTO PERSON (NIKPerson, NamaPerson, KontakPerson, JenisKelaminPerson, StatusPerson, AlamatPerson, UsiaPerson) VALUES ('3372000000000007', 'Maryam Ainun', '080100002226', 'F', 'Pekerja', 'Jl. Diponegoro No. 100, Kel. Darat Sekip, Kec. Pontianak Kota, Kota Pontianak, Kalimantan Barat', 26);
INSERT INTO PERSON (NIKPerson, NamaPerson, KontakPerson, JenisKelaminPerson, StatusPerson, AlamatPerson, UsiaPerson) VALUES ('3372000000000008', 'Damian Aditya', '080100002227', 'M', 'Pekerja', 'Jl. Trans Sulawesi KM 5, Desa Tawaeli, Kec. Tawaeli, Kota Palu, Sulawesi Tengah', 31);
INSERT INTO PERSON (NIKPerson, NamaPerson, KontakPerson, JenisKelaminPerson, StatusPerson, AlamatPerson, UsiaPerson) VALUES ('3372000000000009', 'Dona Marsinta', '080100002228', 'F', 'Pensiunan', 'Jl. Gatot Subroto No. 55, Kel. Petisah Tengah, Kec. Medan Petisah, Kota Medan, Sumatera Utara', 60);
INSERT INTO PERSON (NIKPerson, NamaPerson, KontakPerson, JenisKelaminPerson, StatusPerson, AlamatPerson, UsiaPerson) VALUES ('3372000000000010', 'Mary Angeli', '080100002229', 'F', 'Mahasiswa', 'Jl. Raya Darmo Permai III No. 20, Kel. Pradahkali Kendal, Kec. Dukuh Pakis, Kota Surabaya, Jawa Timur', 23);
INSERT INTO PERSON (NIKPerson, NamaPerson, KontakPerson, JenisKelaminPerson, StatusPerson, AlamatPerson, UsiaPerson) VALUES ('3372000000000011', 'Aksa Duma', '080100002230', 'M', 'Pekerja', 'Jl. Adisucipto No. 12, Kel. Kalibata, Kec. Pancoran, Kota Jakarta Selatan, DKI Jakarta', 30);
INSERT INTO PERSON (NIKPerson, NamaPerson, KontakPerson, JenisKelaminPerson, StatusPerson, AlamatPerson, UsiaPerson) VALUES ('3372000000000012', 'Maudy Ayu', '080100002231', 'F', 'Mahasiswa', 'Jl. Boulevard Gading Serpong, Blok M, No. 1, Kel. Curug Sangereng, Kec. Kelapa Dua, Kab. Tangerang, Banten', 21);
INSERT INTO PERSON (NIKPerson, NamaPerson, KontakPerson, JenisKelaminPerson, StatusPerson, AlamatPerson, UsiaPerson) VALUES ('3372000000000013', 'Cyntia Prilly', '080100002232', 'F', 'Mahasiswa', 'Jl. Asia Afrika No. 1, Kel. Braga, Kec. Sumur Bandung, Kota Bandung, Jawa Barat', 20);
INSERT INTO PERSON (NIKPerson, NamaPerson, KontakPerson, JenisKelaminPerson, StatusPerson, AlamatPerson, UsiaPerson) VALUES ('3372000000000014', 'Layla Sanny', '080100002233', 'F', 'Pekerja', 'Jl. Pahlawan No. 25, Kel. Randusari, Kec. Semarang Selatan, Kota Semarang, Jawa Tengah', 25);
INSERT INTO PERSON (NIKPerson, NamaPerson, KontakPerson, JenisKelaminPerson, StatusPerson, AlamatPerson, UsiaPerson) VALUES ('3372000000000015', 'Bella Sunny', '080100002234', 'F', 'Mahasiswa', 'Jl. Malioboro No. 175, Kel. Sosromenduran, Kec. Gedongtengen, Kota Yogyakarta, DI Yogyakarta', 22);
INSERT INTO PERSON (NIKPerson, NamaPerson, KontakPerson, JenisKelaminPerson, StatusPerson, AlamatPerson, UsiaPerson) VALUES ('3372000000000016', 'Xaviera Putri', '080100002235', 'F', 'Pelajar', 'Jl. Veteran No. 45, Kel. Telanaipura, Kec. Telanaipura, Kota Jambi, Jambi', 19);
INSERT INTO PERSON (NIKPerson, NamaPerson, KontakPerson, JenisKelaminPerson, StatusPerson, AlamatPerson, UsiaPerson) VALUES ('3372000000000017', 'Melen Junior', '080100002236', 'M', 'Pelajar', 'Jl. Jenderal Sudirman No. 17, Kel. Pattunuang, Kec. Wajo, Kota Makassar, Sulawesi Selatan', 18);
INSERT INTO PERSON (NIKPerson, NamaPerson, KontakPerson, JenisKelaminPerson, StatusPerson, AlamatPerson, UsiaPerson) VALUES ('3372000000000018', 'Caleb Bastian', '080100002237', 'M', 'Mahasiswa', 'Jl. Kalidami 50, Mojo, Kec.Gubeng, Surabaya, Jawa Timur', 20);
INSERT INTO PERSON (NIKPerson, NamaPerson, KontakPerson, JenisKelaminPerson, StatusPerson, AlamatPerson, UsiaPerson) VALUES ('3372000000000019', 'Bravenson', '080100002238', 'M', 'Pekerja', 'Jl. Kebun Raya No. 1, Kel. Cibodas, Kec. Bogor Tengah, Kota Bogor, Jawa Barat', 28);
INSERT INTO PERSON (NIKPerson, NamaPerson, KontakPerson, JenisKelaminPerson, StatusPerson, AlamatPerson, UsiaPerson) VALUES ('3372000000000020', 'Ken Namiya', '080100002239', 'M', 'Pekerja', 'Jl. Soekarno Hatta No. 88, Kel. Sukapura, Kec. Sukajadi, Kota Pekanbaru, Riau', 27);
INSERT INTO PERSON (NIKPerson, NamaPerson, KontakPerson, JenisKelaminPerson, StatusPerson, AlamatPerson, UsiaPerson) VALUES ('3372000000000021', 'Clio Levanya', '080100002240', 'F', 'Mahasiswa', 'Jl. Margonda Raya No. 50, Kel. Kemiri Muka, Kec. Beji, Kota Depok, Jawa Barat', 23);
INSERT INTO PERSON (NIKPerson, NamaPerson, KontakPerson, JenisKelaminPerson, StatusPerson, AlamatPerson, UsiaPerson) VALUES ('3372000000000022', 'Tom Brownie', '080100002241', 'M', 'Pekerja', 'Jl. Raya Jember KM 15, Desa Balung Kidul, Kec. Balung, Kab. Jember, Jawa Timur', 32);
INSERT INTO PERSON (NIKPerson, NamaPerson, KontakPerson, JenisKelaminPerson, StatusPerson, AlamatPerson, UsiaPerson) VALUES ('3372000000000023', 'Mardi Brave', '080100002242', 'M', 'Pensiunan', 'Jl. Kapten Tendean No. 7, Kel. Melawai, Kec. Kebayoran Baru, Kota Jakarta Selatan, DKI Jakarta', 55);
INSERT INTO PERSON (NIKPerson, NamaPerson, KontakPerson, JenisKelaminPerson, StatusPerson, AlamatPerson, UsiaPerson) VALUES ('3372000000000024', 'Muhammad Asad', '080100002243', 'M', 'Pekerja', 'Jl. Letjen S. Parman No. 28, Kel. Tomang, Kec. Grogol Petamburan, Kota Jakarta Barat, DKI Jakarta', 25);
INSERT INTO PERSON (NIKPerson, NamaPerson, KontakPerson, JenisKelaminPerson, StatusPerson, AlamatPerson, UsiaPerson) VALUES ('3372000000000025', 'Alfrifa Kalina', '080100002244', 'F', 'Mahasiswa', 'Jl. Jenderal Ahmad Yani No. 666, Kel. Kebayoran Lama Utara, Kec. Kebayoran Lama, Kota Jakarta Selatan, DKI Jakarta', 21);
INSERT INTO PERSON (NIKPerson, NamaPerson, KontakPerson, JenisKelaminPerson, StatusPerson, AlamatPerson, UsiaPerson) VALUES ('3372000000000026', 'Gadhi Lia', '080100002245', 'F', 'Pekerja', 'Jl. Raya Puncak KM 78, Desa Cipayung Datar, Kec. Megamendung, Kab. Bogor, Jawa Barat', 30);
INSERT INTO PERSON (NIKPerson, NamaPerson, KontakPerson, JenisKelaminPerson, StatusPerson, AlamatPerson, UsiaPerson) VALUES ('3372000000000027', 'Sofia Anita', '080100002246', 'F', 'Pekerja', 'Jl. Pangeran Antasari No. 36, Kel. Cilandak Barat, Kec. Cilandak, Kota Jakarta Selatan, DKI Jakarta', 29);
INSERT INTO PERSON (NIKPerson, NamaPerson, KontakPerson, JenisKelaminPerson, StatusPerson, AlamatPerson, UsiaPerson) VALUES ('3372000000000028', 'Tadaima Kanasya', '080100002247', 'F', 'Mahasiswa', 'Jl. Cempaka Putih Raya No. 12, Kel. Cempaka Putih Timur, Kec. Cempaka Putih, Kota Jakarta Pusat, DKI Jakarta', 24);
INSERT INTO PERSON (NIKPerson, NamaPerson, KontakPerson, JenisKelaminPerson, StatusPerson, AlamatPerson, UsiaPerson) VALUES ('3372000000000029', 'Meimei Meilani', '080100002248', 'F', 'Pelajar', 'Jl. Letjend Suprapto No. 30, Kel. Cempaka Putih Barat, Kec. Cempaka Putih, Kota Jakarta Pusat, DKI Jakarta', 19);
INSERT INTO PERSON (NIKPerson, NamaPerson, KontakPerson, JenisKelaminPerson, StatusPerson, AlamatPerson, UsiaPerson) VALUES ('3372000000000030', 'Kim Minjae', '080100002249', 'M', 'Pekerja', 'Jl. Kemang Raya No. 10, Kel. Bangka, Kec. Mampang Prapatan, Kota Jakarta Selatan, DKI Jakarta', 26);
INSERT INTO PERSON (NIKPerson, NamaPerson, KontakPerson, JenisKelaminPerson, StatusPerson, AlamatPerson, UsiaPerson) VALUES ('3372000000000031', 'Vina Almi', '080100002250', 'F', 'Mahasiswa', 'Jl. Radio Dalam Raya No. 20, Kel. Gandaria Utara, Kec. Kebayoran Baru, Kota Jakarta Selatan, DKI Jakarta', 22);
INSERT INTO PERSON (NIKPerson, NamaPerson, KontakPerson, JenisKelaminPerson, StatusPerson, AlamatPerson, UsiaPerson) VALUES ('3372000000000032', 'Dillah Kusumo', '080100002251', 'F', 'Pekerja', 'Jl. Tanah Abang I No. 15, Kel. Petojo Selatan, Kec. Gambir, Kota Jakarta Pusat, DKI Jakarta', 33);
INSERT INTO PERSON (NIKPerson, NamaPerson, KontakPerson, JenisKelaminPerson, StatusPerson, AlamatPerson, UsiaPerson) VALUES ('3372000000000033', 'Dania Marista', '080100002252', 'F', 'Mahasiswa', 'Jl. Hayam Wuruk No. 8, Kel. Maphar, Kec. Taman Sari, Kota Jakarta Barat, DKI Jakarta', 20);
INSERT INTO PERSON (NIKPerson, NamaPerson, KontakPerson, JenisKelaminPerson, StatusPerson, AlamatPerson, UsiaPerson) VALUES ('3372000000000034', 'Lita White', '080100002253', 'F', 'Pekerja', 'Jl. Mangga Dua Raya No. 1, Kel. Mangga Dua Selatan, Kec. Sawah Besar, Kota Jakarta Pusat, DKI Jakarta', 28);
INSERT INTO PERSON (NIKPerson, NamaPerson, KontakPerson, JenisKelaminPerson, StatusPerson, AlamatPerson, UsiaPerson) VALUES ('3372000000000035', 'Janson Mario', '080100002254', 'M', 'Pekerja', 'Jl. Gajah Mada No. 12, Kel. Krukut, Kec. Taman Sari, Kota Jakarta Barat, DKI Jakarta', 31);
INSERT INTO PERSON (NIKPerson, NamaPerson, KontakPerson, JenisKelaminPerson, StatusPerson, AlamatPerson, UsiaPerson) VALUES ('3372000000000036', 'Alif Dyani', '080100002255', 'M', 'Mahasiswa', 'Jl. Sisingamangaraja No. 45, Kel. Melawai, Kec. Kebayoran Baru, Kota Jakarta Selatan, DKI Jakarta', 22);
INSERT INTO PERSON (NIKPerson, NamaPerson, KontakPerson, JenisKelaminPerson, StatusPerson, AlamatPerson, UsiaPerson) VALUES ('3372000000000037', 'Lilies Amalia', '080100002256', 'F', 'Pekerja', 'Jl. Senopati No. 8, Kel. Senayan, Kec. Kebayoran Baru, Kota Jakarta Selatan, DKI Jakarta', 27);
INSERT INTO PERSON (NIKPerson, NamaPerson, KontakPerson, JenisKelaminPerson, StatusPerson, AlamatPerson, UsiaPerson) VALUES ('3372000000000038', 'Jumardi Junto', '080100002257', 'M', 'Pensiunan', 'Jl. Jenderal Sudirman No. 1, Kel. Gelora, Kec. Tanah Abang, Kota Jakarta Pusat, DKI Jakarta', 62);
INSERT INTO PERSON (NIKPerson, NamaPerson, KontakPerson, JenisKelaminPerson, StatusPerson, AlamatPerson, UsiaPerson) VALUES ('3372000000000039', 'Giani', '080100002258', 'M', 'Mahasiswa', 'Jl. MH. Thamrin No. 10, Kel. Gondangdia, Kec. Menteng, Kota Jakarta Pusat, DKI Jakarta', 21);
INSERT INTO PERSON (NIKPerson, NamaPerson, KontakPerson, JenisKelaminPerson, StatusPerson, AlamatPerson, UsiaPerson) VALUES ('3372000000000040', 'Ahmad Faiz', '080100002259', 'M', 'Pekerja', 'Jl. Salemba Raya No. 4, Kel. Kenari, Kec. Senen, Kota Jakarta Pusat, DKI Jakarta', 26);
INSERT INTO PERSON (NIKPerson, NamaPerson, KontakPerson, JenisKelaminPerson, StatusPerson, AlamatPerson, UsiaPerson) VALUES ('3372000000000041', 'Abdullah Yusuf', '080100002260', 'M', 'Pekerja', 'Jl. Senopati No. 8, Kel. Senayan, Kec. Kebayoran Baru, Kota Jakarta Selatan, DKI Jakarta', 29);
INSERT INTO PERSON (NIKPerson, NamaPerson, KontakPerson, JenisKelaminPerson, StatusPerson, AlamatPerson, UsiaPerson) VALUES ('3372000000000042', 'Rizky Pratama', '080100002261', 'M', 'Mahasiswa', 'Jl. Jenderal Sudirman No. 1, Kel. Gelora, Kec. Tanah Abang, Kota Jakarta Pusat, DKI Jakarta', 24);
INSERT INTO PERSON (NIKPerson, NamaPerson, KontakPerson, JenisKelaminPerson, StatusPerson, AlamatPerson, UsiaPerson) VALUES ('3372000000000043', 'Fikri Hidayat', '080100002262', 'M', 'Pekerja', 'Jl. MH. Thamrin No. 10, Kel. Gondangdia, Kec. Menteng, Kota Jakarta Pusat, DKI Jakarta', 27);
INSERT INTO PERSON (NIKPerson, NamaPerson, KontakPerson, JenisKelaminPerson, StatusPerson, AlamatPerson, UsiaPerson) VALUES ('3372000000000044', 'Jibran Al-Ghifari', '080100002263', 'M', 'Mahasiswa', 'Jl. Salemba Raya No. 4, Kel. Kenari, Kec. Senen, Kota Jakarta Pusat, DKI Jakarta', 23);
INSERT INTO PERSON (NIKPerson, NamaPerson, KontakPerson, JenisKelaminPerson, StatusPerson, AlamatPerson, UsiaPerson) VALUES ('3372000000000045', 'Bayu Wijaya', '080100002264', 'M', 'Pekerja', 'Jl. Pramuka No. 15, Kel. Rawasari, Kec. Cempaka Putih, Kota Jakarta Pusat, DKI Jakarta', 31);
INSERT INTO PERSON (NIKPerson, NamaPerson, KontakPerson, JenisKelaminPerson, StatusPerson, AlamatPerson, UsiaPerson) VALUES ('3372000000000046', 'Wisnu Murti', '080100002265', 'M', 'Pekerja', 'Jl. Balikpapan Raya No. 20, Kel. Petojo Utara, Kec. Gambir, Kota Jakarta Pusat, DKI Jakarta', 34);
INSERT INTO PERSON (NIKPerson, NamaPerson, KontakPerson, JenisKelaminPerson, StatusPerson, AlamatPerson, UsiaPerson) VALUES ('3372000000000047', 'Surya Dharma', '080100002266', 'M', 'Pensiunan', 'Jl. Pecenongan No. 60, Kel. Kebon Kelapa, Kec. Gambir, Kota Jakarta Pusat, DKI Jakarta', 58);
INSERT INTO PERSON (NIKPerson, NamaPerson, KontakPerson, JenisKelaminPerson, StatusPerson, AlamatPerson, UsiaPerson) VALUES ('3372000000000048', 'Kevin Alexander', '080100002267', 'M', 'Mahasiswa', 'Jl. Raya Bogor KM 20, No. 30, Kel. Pekayon, Kec. Pasar Rebo, Kota Jakarta Timur, DKI Jakarta', 23);
INSERT INTO PERSON (NIKPerson, NamaPerson, KontakPerson, JenisKelaminPerson, StatusPerson, AlamatPerson, UsiaPerson) VALUES ('3372000000000049', 'Aldo Reynaldi', '080100002268', 'M', 'Mahasiswa', 'Jl. Raya Kalimalang No. 50, Kel. Pondok Kelapa, Kec. Duren Sawit, Kota Jakarta Timur, DKI Jakarta', 22);
INSERT INTO PERSON (NIKPerson, NamaPerson, KontakPerson, JenisKelaminPerson, StatusPerson, AlamatPerson, UsiaPerson) VALUES ('3372000000000050', 'Rendy Julianto', '080100002269', 'M', 'Pekerja', 'Jl. Casablanca Raya No. 12, Kel. Menteng Dalam, Kec. Tebet, Kota Jakarta Selatan, DKI Jakarta', 26);
INSERT INTO PERSON (NIKPerson, NamaPerson, KontakPerson, JenisKelaminPerson, StatusPerson, AlamatPerson, UsiaPerson) VALUES ('3372000000000051', 'Leon Putra', '080100002270', 'M', 'Mahasiswa', 'Jl. Prof. Dr. Satrio No. 10, Kel. Karet Semanggi, Kec. Setiabudi, Kota Jakarta Selatan, DKI Jakarta', 20);
INSERT INTO PERSON (NIKPerson, NamaPerson, KontakPerson, JenisKelaminPerson, StatusPerson, AlamatPerson, UsiaPerson) VALUES ('3372000000000052', 'Aisyah Humairah', '080100002271', 'F', 'Pekerja', 'Jl. Denpasar Raya No. 8, Kel. Kuningan Timur, Kec. Setiabudi, Kota Jakarta Selatan, DKI Jakarta', 25);
INSERT INTO PERSON (NIKPerson, NamaPerson, KontakPerson, JenisKelaminPerson, StatusPerson, AlamatPerson, UsiaPerson) VALUES ('3372000000000053', 'Safira Nurul', '080100002272', 'F', 'Mahasiswa', 'Jl. Metro Pondok Indah No. 1, Kel. Pondok Pinang, Kec. Kebayoran Lama, Kota Jakarta Selatan, DKI Jakarta', 21);
INSERT INTO PERSON (NIKPerson, NamaPerson, KontakPerson, JenisKelaminPerson, StatusPerson, AlamatPerson, UsiaPerson) VALUES ('3372000000000054', 'Khairunnisa Azzahra', '080100002273', 'F', 'Mahasiswa', 'Jl. Bintaro Utama Sektor III No. 3A, Kel. Pondok Karya, Kec. Pondok Aren, Kota Tangerang Selatan, Banten', 23);
INSERT INTO PERSON (NIKPerson, NamaPerson, KontakPerson, JenisKelaminPerson, StatusPerson, AlamatPerson, UsiaPerson) VALUES ('3372000000000055', 'Husna Kamila', '080100002274', 'F', 'Mahasiswa', 'Jl. Raya Serpong KM 8, No. 2, Kel. Pakualam, Kec. Serpong Utara, Kota Tangerang Selatan, Banten', 24);
INSERT INTO PERSON (NIKPerson, NamaPerson, KontakPerson, JenisKelaminPerson, StatusPerson, AlamatPerson, UsiaPerson) VALUES ('3372000000000056', 'Sekar Arum', '080100002275', 'F', 'Ibu Rumah Tangga', 'Jl. Margacinta No. 100, Kel. Margasari, Kec. Buahbatu, Kota Bandung, Jawa Barat', 40);
INSERT INTO PERSON (NIKPerson, NamaPerson, KontakPerson, JenisKelaminPerson, StatusPerson, AlamatPerson, UsiaPerson) VALUES ('3372000000000057', 'Citra Amelia', '080100002276', 'F', 'Mahasiswa', 'Jl. Ahmad Dahlan No. 5, Kel. Ngampilan, Kec. Ngampilan, Kota Yogyakarta, DI Yogyakarta', 20);
INSERT INTO PERSON (NIKPerson, NamaPerson, KontakPerson, JenisKelaminPerson, StatusPerson, AlamatPerson, UsiaPerson) VALUES ('3372000000000058', 'Keisha Azalea', '080100002277', 'F', 'Pelajar', 'Jl. Cokroaminoto No. 30, Kel. Klitren, Kec. Gondokusuman, Kota Yogyakarta, DI Yogyakarta', 19);
INSERT INTO PERSON (NIKPerson, NamaPerson, KontakPerson, JenisKelaminPerson, StatusPerson, AlamatPerson, UsiaPerson) VALUES ('3372000000000059', 'Melati Kusuma', '080100002278', 'F', 'Pekerja', 'Jl. Pattimura No. 15, Kel. Rejowinangun Selatan, Kec. Magelang Selatan, Kota Magelang, Jawa Tengah', 28);
INSERT INTO PERSON (NIKPerson, NamaPerson, KontakPerson, JenisKelaminPerson, StatusPerson, AlamatPerson, UsiaPerson) VALUES ('3372000000000060', 'Dzaky Alamsyah', '080100002279', 'M', 'Mahasiswa', 'Jl. Gajah Mada No. 1, Kel. Kemiri Muka, Kec. Beji, Kota Depok, Jawa Barat', 22);
INSERT INTO PERSON (NIKPerson, NamaPerson, KontakPerson, JenisKelaminPerson, StatusPerson, AlamatPerson, UsiaPerson) VALUES ('3372000000000061', 'Rizky Ramadhan', '080100002280', 'M', 'Pekerja', 'Jl. Pemuda No. 8, Kel. Kedungpane, Kec. Mijen, Kota Semarang, Jawa Tengah', 27);
INSERT INTO PERSON (NIKPerson, NamaPerson, KontakPerson, JenisKelaminPerson, StatusPerson, AlamatPerson, UsiaPerson) VALUES ('3372000000000062', 'Indah Permata', '080100002281', 'F', 'Mahasiswa', 'Jl. Sudirman No. 12, Kel. Purwosari, Kec. Laweyan, Kota Surakarta, Jawa Tengah', 20);
INSERT INTO PERSON (NIKPerson, NamaPerson, KontakPerson, JenisKelaminPerson, StatusPerson, AlamatPerson, UsiaPerson) VALUES ('3372000000000063', 'Aditya Pratama', '080100002282', 'M', 'Pekerja', 'Jl. Solo-Yogya KM 10, Desa Ngasem, Kec. Colomadu, Kab. Karanganyar, Jawa Tengah', 31);
INSERT INTO PERSON (NIKPerson, NamaPerson, KontakPerson, JenisKelaminPerson, StatusPerson, AlamatPerson, UsiaPerson) VALUES ('3372000000000064', 'Fajar Nugroho', '080100002283', 'M', 'Pelajar', 'Jl. Slamet Riyadi No. 5, Kel. Keprabon, Kec. Banjarsari, Kota Surakarta, Jawa Tengah', 17);
INSERT INTO PERSON (NIKPerson, NamaPerson, KontakPerson, JenisKelaminPerson, StatusPerson, AlamatPerson, UsiaPerson) VALUES ('3372000000000065', 'Fitriani Dewi', '080100002284', 'F', 'Ibu Rumah Tangga', 'Jl. Cipto Mangunkusumo No. 20, Kel. Kemlayan, Kec. Serengan, Kota Surakarta, Jawa Tengah', 35);
INSERT INTO PERSON (NIKPerson, NamaPerson, KontakPerson, JenisKelaminPerson, StatusPerson, AlamatPerson, UsiaPerson) VALUES ('3372000000000066', 'Galih Wicaksono', '080100002285', 'M', 'Pekerja', 'Jl. Teuku Umar No. 88, Kel. Sriwedari, Kec. Laweyan, Kota Surakarta, Jawa Tengah', 29);
INSERT INTO PERSON (NIKPerson, NamaPerson, KontakPerson, JenisKelaminPerson, StatusPerson, AlamatPerson, UsiaPerson) VALUES ('3372000000000067', 'Hani Fatimah', '080100002286', 'F', 'Mahasiswa', 'Jl. Jenderal Sudirman No. 30, Kel. Kedunglumbu, Kec. Pasar Kliwon, Kota Surakarta, Jawa Tengah', 22);
INSERT INTO PERSON (NIKPerson, NamaPerson, KontakPerson, JenisKelaminPerson, StatusPerson, AlamatPerson, UsiaPerson) VALUES ('3372000000000068', 'Irfan Maulana', '080100002287', 'M', 'Pekerja', 'Jl. Dr. Rajiman No. 11, Kel. Panularan, Kec. Laweyan, Kota Surakarta, Jawa Tengah', 38);
INSERT INTO PERSON (NIKPerson, NamaPerson, KontakPerson, JenisKelaminPerson, StatusPerson, AlamatPerson, UsiaPerson) VALUES ('3372000000000069', 'Jessica Angelina', '080100002288', 'F', 'Pekerja', 'Jl. Adi Sucipto No. 50, Kel. Jajar, Kec. Laweyan, Kota Surakarta, Jawa Tengah', 26);
INSERT INTO PERSON (NIKPerson, NamaPerson, KontakPerson, JenisKelaminPerson, StatusPerson, AlamatPerson, UsiaPerson) VALUES ('3372000000000070', 'Kevin Wijaya', '080100002289', 'M', 'Mahasiswa', 'Jl. Yos Sudarso No. 7, Kel. Danukusuman, Kec. Serengan, Kota Surakarta, Jawa Tengah', 20);
INSERT INTO PERSON (NIKPerson, NamaPerson, KontakPerson, JenisKelaminPerson, StatusPerson, AlamatPerson, UsiaPerson) VALUES ('3372000000000071', 'Larasati Kusuma', '080100002290', 'F', 'Pekerja', 'Jl. Gatot Subroto No. 44, Kel. Kratonan, Kec. Serengan, Kota Surakarta, Jawa Tengah', 30);
INSERT INTO PERSON (NIKPerson, NamaPerson, KontakPerson, JenisKelaminPerson, StatusPerson, AlamatPerson, UsiaPerson) VALUES ('3372000000000072', 'M. Daffa Alif', '080100002291', 'M', 'Pelajar', 'Jl. Tentara Pelajar No. 1, Kel. Jebres, Kec. Jebres, Kota Surakarta, Jawa Tengah', 16);
INSERT INTO PERSON (NIKPerson, NamaPerson, KontakPerson, JenisKelaminPerson, StatusPerson, AlamatPerson, UsiaPerson) VALUES ('3372000000000073', 'Nadia Putri', '080100002292', 'F', 'Mahasiswa', 'Jl. Veteran No. 20, Kel. Tipes, Kec. Serengan, Kota Surakarta, Jawa Tengah', 19);
INSERT INTO PERSON (NIKPerson, NamaPerson, KontakPerson, JenisKelaminPerson, StatusPerson, AlamatPerson, UsiaPerson) VALUES ('3372000000000074', 'Omar Ksatria', '080100002293', 'M', 'Pekerja', 'Jl. Honggowongso No. 10, Kel. Purwodiningratan, Kec. Jebres, Kota Surakarta, Jawa Tengah', 34);
INSERT INTO PERSON (NIKPerson, NamaPerson, KontakPerson, JenisKelaminPerson, StatusPerson, AlamatPerson, UsiaPerson) VALUES ('3372000000000075', 'Puspita Sari', '080100002294', 'F', 'Ibu Rumah Tangga', 'Jl. Kebangkitan Nasional No. 3, Kel. Sriwedari, Kec. Laweyan, Kota Surakarta, Jawa Tengah', 42);
INSERT INTO PERSON (NIKPerson, NamaPerson, KontakPerson, JenisKelaminPerson, StatusPerson, AlamatPerson, UsiaPerson) VALUES ('3372000000000076', 'Qori Nuraini', '080100002295', 'F', 'Pekerja', 'Jl. Bhayangkara No. 5, Kel. Tipes, Kec. Serengan, Kota Surakarta, Jawa Tengah', 28);
INSERT INTO PERSON (NIKPerson, NamaPerson, KontakPerson, JenisKelaminPerson, StatusPerson, AlamatPerson, UsiaPerson) VALUES ('3372000000000077', 'Rian Firmansyah', '080100002296', 'M', 'Mahasiswa', 'Jl. Kolonel Sutarto No. 1, Kel. Jebres, Kec. Jebres, Kota Surakarta, Jawa Tengah', 21);
INSERT INTO PERSON (NIKPerson, NamaPerson, KontakPerson, JenisKelaminPerson, StatusPerson, AlamatPerson, UsiaPerson) VALUES ('3372000000000078', 'Salsabila Zahra', '080100002297', 'F', 'Pelajar', 'Jl. Kapten Mulyadi No. 10, Kel. Kedunglumbu, Kec. Pasar Kliwon, Kota Surakarta, Jawa Tengah', 15);
INSERT INTO PERSON (NIKPerson, NamaPerson, KontakPerson, JenisKelaminPerson, StatusPerson, AlamatPerson, UsiaPerson) VALUES ('3372000000000079', 'Taufiq Hidayat', '080100002298', 'M', 'Pekerja', 'Jl. Ahmad Yani No. 100, Kel. Gilingan, Kec. Banjarsari, Kota Surakarta, Jawa Tengah', 39);
INSERT INTO PERSON (NIKPerson, NamaPerson, KontakPerson, JenisKelaminPerson, StatusPerson, AlamatPerson, UsiaPerson) VALUES ('3372000000000080', 'Ulya Nafisa', '080100002299', 'F', 'Mahasiswa', 'Jl. Perintis Kemerdekaan No. 22, Kel. Laweyan, Kec. Laweyan, Kota Surakarta, Jawa Tengah', 23);
INSERT INTO PERSON (NIKPerson, NamaPerson, KontakPerson, JenisKelaminPerson, StatusPerson, AlamatPerson, UsiaPerson) VALUES ('3372000000000081', 'Vian Putra', '080100002300', 'M', 'Pekerja', 'Jl. Menteri Supeno No. 5, Kel. Manahan, Kec. Banjarsari, Kota Surakarta, Jawa Tengah', 25);
INSERT INTO PERSON (NIKPerson, NamaPerson, KontakPerson, JenisKelaminPerson, StatusPerson, AlamatPerson, UsiaPerson) VALUES ('3372000000000082', 'Wulan Sari', '080100002301', 'F', 'Ibu Rumah Tangga', 'Jl. Veteran No. 30, Kel. Timuran, Kec. Banjarsari, Kota Surakarta, Jawa Tengah', 36);
INSERT INTO PERSON (NIKPerson, NamaPerson, KontakPerson, JenisKelaminPerson, StatusPerson, AlamatPerson, UsiaPerson) VALUES ('3372000000000083', 'Yoga Pratama', '080100002302', 'M', 'Pekerja', 'Jl. Letjen Suprapto No. 15, Kel. Sumber, Kec. Banjarsari, Kota Surakarta, Jawa Tengah', 32);
INSERT INTO PERSON (NIKPerson, NamaPerson, KontakPerson, JenisKelaminPerson, StatusPerson, AlamatPerson, UsiaPerson) VALUES ('3372000000000084', 'Zahra Khairani', '080100002303', 'F', 'Mahasiswa', 'Jl. Kyai Mojo No. 8, Kel. Semanggi, Kec. Pasar Kliwon, Kota Surakarta, Jawa Tengah', 20);
INSERT INTO PERSON (NIKPerson, NamaPerson, KontakPerson, JenisKelaminPerson, StatusPerson, AlamatPerson, UsiaPerson) VALUES ('3372000000000085', 'Arya Wijaya', '080100002304', 'M', 'Pekerja', 'Jl. Kapten Pierre Tendean No. 12, Kel. Nusukan, Kec. Banjarsari, Kota Surakarta, Jawa Tengah', 29);
INSERT INTO PERSON (NIKPerson, NamaPerson, KontakPerson, JenisKelaminPerson, StatusPerson, AlamatPerson, UsiaPerson) VALUES ('3372000000000086', 'Bima Sakti', '080100002305', 'M', 'Pelajar', 'Jl. RE Martadinata No. 3, Kel. Gandekan, Kec. Jebres, Kota Surakarta, Jawa Tengah', 18);
INSERT INTO PERSON (NIKPerson, NamaPerson, KontakPerson, JenisKelaminPerson, StatusPerson, AlamatPerson, UsiaPerson) VALUES ('3372000000000087', 'Cahaya Nur', '080100002306', 'F', 'Pekerja', 'Jl. Suryo Pranoto No. 25, Kel. Tipes, Kec. Serengan, Kota Surakarta, Jawa Tengah', 27);
INSERT INTO PERSON (NIKPerson, NamaPerson, KontakPerson, JenisKelaminPerson, StatusPerson, AlamatPerson, UsiaPerson) VALUES ('3372000000000088', 'Desta Ramadhan', '080100002307', 'M', 'Mahasiswa', 'Jl. Lawu No. 4, Kel. Sondakan, Kec. Laweyan, Kota Surakarta, Jawa Tengah', 22);
INSERT INTO PERSON (NIKPerson, NamaPerson, KontakPerson, JenisKelaminPerson, StatusPerson, AlamatPerson, UsiaPerson) VALUES ('3372000000000089', 'Eka Putri', '080100002308', 'F', 'Pekerja', 'Jl. Cokroaminoto No. 7, Kel. Jagalan, Kec. Jebres, Kota Surakarta, Jawa Tengah', 33);
INSERT INTO PERSON (NIKPerson, NamaPerson, KontakPerson, JenisKelaminPerson, StatusPerson, AlamatPerson, UsiaPerson) VALUES ('3372000000000090', 'Farid Hidayat', '080100002309', 'M', 'Pensiunan', 'Jl. Ronggowarsito No. 10, Kel. Timuran, Kec. Banjarsari, Kota Surakarta, Jawa Tengah', 65);
INSERT INTO PERSON (NIKPerson, NamaPerson, KontakPerson, JenisKelaminPerson, StatusPerson, AlamatPerson, UsiaPerson) VALUES ('3372000000000091', 'Gita Lestari', '080100002310', 'F', 'Ibu Rumah Tangga', 'Jl. Kyai H. Dewantara No. 11, Kel. Jebres, Kec. Jebres, Kota Surakarta, Jawa Tengah', 41);
INSERT INTO PERSON (NIKPerson, NamaPerson, KontakPerson, JenisKelaminPerson, StatusPerson, AlamatPerson, UsiaPerson) VALUES ('3372000000000092', 'Hadi Wijaya', '080100002311', 'M', 'Pekerja', 'Jl. Cilosari Raya No. 1, Kel. Sumber, Kec. Banjarsari, Kota Surakarta, Jawa Tengah', 30);
INSERT INTO PERSON (NIKPerson, NamaPerson, KontakPerson, JenisKelaminPerson, StatusPerson, AlamatPerson, UsiaPerson) VALUES ('3372000000000093', 'Indriani Safitri', '080100002312', 'F', 'Mahasiswa', 'Jl. Dr. Wahidin Sudirohusodo No. 1, Kel. Penumping, Kec. Laweyan, Kota Surakarta, Jawa Tengah', 20);
INSERT INTO PERSON (NIKPerson, NamaPerson, KontakPerson, JenisKelaminPerson, StatusPerson, AlamatPerson, UsiaPerson) VALUES ('3372000000000094', 'Jaka Permana', '080100002313', 'M', 'Pekerja', 'Jl. Monginsidi No. 8, Kel. Jebres, Kec. Jebres, Kota Surakarta, Jawa Tengah', 28);
INSERT INTO PERSON (NIKPerson, NamaPerson, KontakPerson, JenisKelaminPerson, StatusPerson, AlamatPerson, UsiaPerson) VALUES ('3372000000000095', 'Kirana Ayu', '080100002314', 'F', 'Pelajar', 'Jl. Ir. Sutami No. 1, Kel. Jebres, Kec. Jebres, Kota Surakarta, Jawa Tengah', 17);
INSERT INTO PERSON (NIKPerson, NamaPerson, KontakPerson, JenisKelaminPerson, StatusPerson, AlamatPerson, UsiaPerson) VALUES ('3372000000000096', 'Lutfi Hakim', '080100002315', 'M', 'Mahasiswa', 'Jl. Slamet Riyadi No. 20, Kel. Purwosari, Kec. Laweyan, Kota Surakarta, Jawa Tengah', 21);
INSERT INTO PERSON (NIKPerson, NamaPerson, KontakPerson, JenisKelaminPerson, StatusPerson, AlamatPerson, UsiaPerson) VALUES ('3372000000000097', 'Maya Adiba', '080100002316', 'F', 'Pekerja', 'Jl. Veteran No. 50, Kel. Tipes, Kec. Serengan, Kota Surakarta, Jawa Tengah', 26);
INSERT INTO PERSON (NIKPerson, NamaPerson, KontakPerson, JenisKelaminPerson, StatusPerson, AlamatPerson, UsiaPerson) VALUES ('3372000000000098', 'Naufal Rizky', '080100002317', 'M', 'Pekerja', 'Jl. Gatot Subroto No. 10, Kel. Kemlayan, Kec. Serengan, Kota Surakarta, Jawa Tengah', 35);
INSERT INTO PERSON (NIKPerson, NamaPerson, KontakPerson, JenisKelaminPerson, StatusPerson, AlamatPerson, UsiaPerson) VALUES ('3372000000000099', 'Olivia Putri', '080100002318', 'F', 'Ibu Rumah Tangga', 'Jl. Adi Sucipto No. 10, Kel. Jajar, Kec. Laweyan, Kota Surakarta, Jawa Tengah', 39);
INSERT INTO PERSON (NIKPerson, NamaPerson, KontakPerson, JenisKelaminPerson, StatusPerson, AlamatPerson, UsiaPerson) VALUES ('3372000000000100', 'Pandu Dwiputra', '080100002319', 'M', 'Pekerja', 'Jl. Yos Sudarso No. 1, Kel. Danukusuman, Kec. Serengan, Kota Surakarta, Jawa Tengah', 31);
INSERT INTO PERSON (NIKPerson, NamaPerson, KontakPerson, JenisKelaminPerson, StatusPerson, AlamatPerson, UsiaPerson) VALUES ('3372000000000101', 'Toni Wijaya', '081811223344', 'M', 'Pekerja', 'Jl. Merdeka No. 1, Kel. Gondangdia, Kec. Menteng, Kota Jakarta Pusat, DKI Jakarta', 35);
INSERT INTO PERSON (NIKPerson, NamaPerson, KontakPerson, JenisKelaminPerson, StatusPerson, AlamatPerson, UsiaPerson) VALUES ('3372000000000102', 'Ulan Sari', '089644556677', 'M', 'Pekerja', 'Jl. Pahlawan No. 20, Kel. Wonokromo, Kec. Wonokromo, Kota Surabaya, Jawa Timur', 32);
INSERT INTO PERSON (NIKPerson, NamaPerson, KontakPerson, JenisKelaminPerson, StatusPerson, AlamatPerson, UsiaPerson) VALUES ('3372000000000103', 'Vina Damayanti', '081377889900', 'F', 'Pekerja', 'Jl. Asia Afrika No. 100, Kel. Braga, Kec. Sumur Bandung, Kota Bandung, Jawa Barat', 27);
INSERT INTO PERSON (NIKPerson, NamaPerson, KontakPerson, JenisKelaminPerson, StatusPerson, AlamatPerson, UsiaPerson) VALUES ('3372000000000104', 'Wisnu Murti', '087700112233', 'M', 'Pekerja', 'Jl. Cendrawasih No. 5, Kel. Panjer, Kec. Denpasar Selatan, Kota Denpasar, Bali', 39);
INSERT INTO PERSON (NIKPerson, NamaPerson, KontakPerson, JenisKelaminPerson, StatusPerson, AlamatPerson, UsiaPerson) VALUES ('3372000000000105', 'Xander Putra', '085322334455', 'M', 'Pekerja', 'Jl. Gatot Subroto No. 25, Kel. Petisah Tengah, Kec. Medan Petisah, Kota Medan, Sumatera Utara', 42);
INSERT INTO PERSON (NIKPerson, NamaPerson, KontakPerson, JenisKelaminPerson, StatusPerson, AlamatPerson, UsiaPerson) VALUES ('3372000000000106', 'Yulia Wati', '081299001122', 'F', 'Pekerja', 'Jl. Veteran No. 15, Kel. Telanaipura, Kec. Telanaipura, Kota Jambi, Jambi', 37);
INSERT INTO PERSON (NIKPerson, NamaPerson, KontakPerson, JenisKelaminPerson, StatusPerson, AlamatPerson, UsiaPerson) VALUES ('3372000000000107', 'Zico Ramadhan', '081955667788', 'M', 'Pekerja', 'Jl. Margonda Raya No. 10, Kel. Kemiri Muka, Kec. Beji, Kota Depok, Jawa Barat', 30);
INSERT INTO PERSON (NIKPerson, NamaPerson, KontakPerson, JenisKelaminPerson, StatusPerson, AlamatPerson, UsiaPerson) VALUES ('3372000000000108', 'Anya Putri', '087811223344', 'F', 'Pekerja', 'Jl. Jenderal Sudirman No. 50, Kel. Kebayoran Baru, Kec. Kebayoran Baru, Kota Jakarta Selatan, DKI Jakarta', 26);
INSERT INTO PERSON (NIKPerson, NamaPerson, KontakPerson, JenisKelaminPerson, StatusPerson, AlamatPerson, UsiaPerson) VALUES ('3372000000000109', 'Rio Chandra', '081312345678', 'M', 'Pekerja', 'Jl. Ahmad Yani No. 5, Kel. Gilingan, Kec. Banjarsari, Kota Surakarta, Jawa Tengah', 28);
INSERT INTO PERSON (NIKPerson, NamaPerson, KontakPerson, JenisKelaminPerson, StatusPerson, AlamatPerson, UsiaPerson) VALUES ('3372000000000110', 'Raden Soedjono', '81234567890', 'M', 'Pekerja', 'Jl. Cendana No. 1, Jakarta', 68);
INSERT INTO PERSON (NIKPerson, NamaPerson, KontakPerson, JenisKelaminPerson, StatusPerson, AlamatPerson, UsiaPerson) VALUES ('3372000000000111', 'Siti Aminah P.', '81234567891', 'F', 'Pekerja', 'Jl. Anggrek No. 2, Jakarta', 65);
INSERT INTO PERSON (NIKPerson, NamaPerson, KontakPerson, JenisKelaminPerson, StatusPerson, AlamatPerson, UsiaPerson) VALUES ('3372000000000112', 'Tan Boen Liong', '81234567892', 'M', 'Pekerja', 'Jl. Melati No. 3, Jakarta', 72);
INSERT INTO PERSON (NIKPerson, NamaPerson, KontakPerson, JenisKelaminPerson, StatusPerson, AlamatPerson, UsiaPerson) VALUES ('3372000000000113', 'Sri Rahayu Ningsih', '81234567893', 'F', 'Pekerja', 'Jl. Kenanga No. 4, Jakarta', 63);
INSERT INTO PERSON (NIKPerson, NamaPerson, KontakPerson, JenisKelaminPerson, StatusPerson, AlamatPerson, UsiaPerson) VALUES ('3372000000000114', 'Kwee Tjie Hay', '81234567894', 'M', 'Pekerja', 'Jl. Dahlia No. 5, Jakarta', 70);
INSERT INTO PERSON (NIKPerson, NamaPerson, KontakPerson, JenisKelaminPerson, StatusPerson, AlamatPerson, UsiaPerson) VALUES ('3372000000000115', 'Kartini Solehah', '81234567895', 'F', 'Pekerja', 'Jl. Teratai No. 6, Jakarta', 67);
INSERT INTO PERSON (NIKPerson, NamaPerson, KontakPerson, JenisKelaminPerson, StatusPerson, AlamatPerson, UsiaPerson) VALUES ('3372000000000116', 'I Gusti Made Putra', '81234567896', 'M', 'Pekerja', 'Jl. Edelweis No. 7, Jakarta', 69);
INSERT INTO PERSON (NIKPerson, NamaPerson, KontakPerson, JenisKelaminPerson, StatusPerson, AlamatPerson, UsiaPerson) VALUES ('3372000000000117', 'Ni Made Ayu', '81234567897', 'F', 'Pekerja', 'Jl. Sakura No. 8, Depok', 66);
INSERT INTO PERSON (NIKPerson, NamaPerson, KontakPerson, JenisKelaminPerson, StatusPerson, AlamatPerson, UsiaPerson) VALUES ('3372000000000118', 'Tjokorda Gede Agung', '81234567898', 'M', 'Pekerja', 'Jl. Mawar No. 9, Depok', 71);
INSERT INTO PERSON (NIKPerson, NamaPerson, KontakPerson, JenisKelaminPerson, StatusPerson, AlamatPerson, UsiaPerson) VALUES ('3372000000000119', 'Desak Nyoman Sari', '81234567899', 'F', 'Pekerja', 'Jl. Bougenville No. 10, Bogor', 64);
INSERT INTO PERSON (NIKPerson, NamaPerson, KontakPerson, JenisKelaminPerson, StatusPerson, AlamatPerson, UsiaPerson) VALUES ('3372000000000120', 'Haji Abdullah S.', '81234567800', 'M', 'Pekerja', 'Jl. Alamanda No. 11, Bandung', 75);
INSERT INTO PERSON (NIKPerson, NamaPerson, KontakPerson, JenisKelaminPerson, StatusPerson, AlamatPerson, UsiaPerson) VALUES ('3372000000000121', 'Hajjah Fatimah', '81234567801', 'F', 'Pekerja', 'Jl. Kamboja No. 12, Bandung', 62);
INSERT INTO PERSON (NIKPerson, NamaPerson, KontakPerson, JenisKelaminPerson, StatusPerson, AlamatPerson, UsiaPerson) VALUES ('3372000000000122', 'Liem Swie King', '81234567802', 'M', 'Pekerja', 'Jl. Angsana No. 13, Bandung', 73);
INSERT INTO PERSON (NIKPerson, NamaPerson, KontakPerson, JenisKelaminPerson, StatusPerson, AlamatPerson, UsiaPerson) VALUES ('3372000000000123', 'Siti Maryam M.', '81234567803', 'F', 'Pekerja', 'Jl. Nusa Indah No. 14, Bandung', 61);
INSERT INTO PERSON (NIKPerson, NamaPerson, KontakPerson, JenisKelaminPerson, StatusPerson, AlamatPerson, UsiaPerson) VALUES ('3372000000000124', 'Oei Tiong Ham', '81234567804', 'M', 'Pekerja', 'Jl. Bakung No. 15, Bandung', 70);
INSERT INTO PERSON (NIKPerson, NamaPerson, KontakPerson, JenisKelaminPerson, StatusPerson, AlamatPerson, UsiaPerson) VALUES ('3372000000000125', 'R.A. Soekarsih', '81234567805', 'F', 'Pekerja', 'Jl. Cempaka Putih No. 16, Semarang', 69);
INSERT INTO PERSON (NIKPerson, NamaPerson, KontakPerson, JenisKelaminPerson, StatusPerson, AlamatPerson, UsiaPerson) VALUES ('3372000000000126', 'Wongso Djojo', '81234567806', 'M', 'Pekerja', 'Jl. Cemara No. 17, Semarang', 67);
INSERT INTO PERSON (NIKPerson, NamaPerson, KontakPerson, JenisKelaminPerson, StatusPerson, AlamatPerson, UsiaPerson) VALUES ('3372000000000127', 'Diah Pitaloka Putri', '81234567807', 'F', 'Pekerja', 'Jl. Gandaria No. 18, Semarang', 66);
INSERT INTO PERSON (NIKPerson, NamaPerson, KontakPerson, JenisKelaminPerson, StatusPerson, AlamatPerson, UsiaPerson) VALUES ('3372000000000128', 'I Nyoman Wirata', '81234567808', 'M', 'Pekerja', 'Jl. Anyelir No. 19, Surabaya', 68);
INSERT INTO PERSON (NIKPerson, NamaPerson, KontakPerson, JenisKelaminPerson, StatusPerson, AlamatPerson, UsiaPerson) VALUES ('3372000000000129', 'Luh Ketut Darmini', '81234567809', 'F', 'Pekerja', 'Jl. Kenanga Sari No. 20, Surabaya', 65);
INSERT INTO PERSON (NIKPerson, NamaPerson, KontakPerson, JenisKelaminPerson, StatusPerson, AlamatPerson, UsiaPerson) VALUES ('3372000000000130', 'R.M. Sastro Wardoyo', '81234567810', 'M', 'Pekerja', 'Jl. Krisan No. 21, Surabaya', 72);
INSERT INTO PERSON (NIKPerson, NamaPerson, KontakPerson, JenisKelaminPerson, StatusPerson, AlamatPerson, UsiaPerson) VALUES ('3372000000000131', 'Tjokorda Istri Agung', '81234567811', 'F', 'Pekerja', 'Jl. Kembang Sepatu No. 22, Surabaya', 63);
INSERT INTO PERSON (NIKPerson, NamaPerson, KontakPerson, JenisKelaminPerson, StatusPerson, AlamatPerson, UsiaPerson) VALUES ('3372000000000132', 'Lie Khai Seng', '81234567812', 'M', 'Pekerja', 'Jl. Teratai Merah No. 23, Yogyakarta', 74);
INSERT INTO PERSON (NIKPerson, NamaPerson, KontakPerson, JenisKelaminPerson, StatusPerson, AlamatPerson, UsiaPerson) VALUES ('3372000000000133', 'Nyai Ageng Serang', '81234567813', 'F', 'Pekerja', 'Jl. Bougenville Ungu No. 24, Yogyakarta', 60);
INSERT INTO PERSON (NIKPerson, NamaPerson, KontakPerson, JenisKelaminPerson, StatusPerson, AlamatPerson, UsiaPerson) VALUES ('3372000000000134', 'Raden Patah Kusumo', '81234567814', 'M', 'Pekerja', 'Jl. Kemuning No. 25, Yogyakarta', 71);
INSERT INTO PERSON (NIKPerson, NamaPerson, KontakPerson, JenisKelaminPerson, StatusPerson, AlamatPerson, UsiaPerson) VALUES ('3372000000000135', 'R.A. Widyawati', '81234567815', 'F', 'Pekerja', 'Jl. Melati Putih No. 26, Yogyakarta', 69);
INSERT INTO PERSON (NIKPerson, NamaPerson, KontakPerson, JenisKelaminPerson, StatusPerson, AlamatPerson, UsiaPerson) VALUES ('3372000000000136', 'Tan Kian Seng', '81234567816', 'M', 'Pekerja', 'Jl. Cempaka Kuning No. 27, Medan', 67);
INSERT INTO PERSON (NIKPerson, NamaPerson, KontakPerson, JenisKelaminPerson, StatusPerson, AlamatPerson, UsiaPerson) VALUES ('3372000000000137', 'Siti Khadijah Siregar', '81234567817', 'F', 'Pekerja', 'Jl. Mawar Merah No. 28, Medan', 64);
INSERT INTO PERSON (NIKPerson, NamaPerson, KontakPerson, JenisKelaminPerson, StatusPerson, AlamatPerson, UsiaPerson) VALUES ('3372000000000138', 'Raja Parulian Hutagalung', '81234567818', 'M', 'Pekerja', 'Jl. Anggrek Bulan No. 29, Medan', 70);
INSERT INTO PERSON (NIKPerson, NamaPerson, KontakPerson, JenisKelaminPerson, StatusPerson, AlamatPerson, UsiaPerson) VALUES ('3372000000000139', 'Boru Sinaga Saragih', '81234567819', 'F', 'Pekerja', 'Jl. Dahlia Kuning No. 30, Palembang', 66);
INSERT INTO PERSON (NIKPerson, NamaPerson, KontakPerson, JenisKelaminPerson, StatusPerson, AlamatPerson, UsiaPerson) VALUES ('3372000000000140', 'Lim Eng Hok', '81234567820', 'M', 'Pekerja', 'Jl. Teratai Biru No. 31, Palembang', 68);
INSERT INTO PERSON (NIKPerson, NamaPerson, KontakPerson, JenisKelaminPerson, StatusPerson, AlamatPerson, UsiaPerson) VALUES ('3372000000000141', 'Sri Halimah', '81234567821', 'F', 'Pekerja', 'Jl. Kenanga Hijau No. 32, Palembang', 65);
INSERT INTO PERSON (NIKPerson, NamaPerson, KontakPerson, JenisKelaminPerson, StatusPerson, AlamatPerson, UsiaPerson) VALUES ('3372000000000142', 'I Wayan Sukarta', '81234567822', 'M', 'Pekerja', 'Jl. Bunga Matahari No. 33, Denpasar', 73);
INSERT INTO PERSON (NIKPerson, NamaPerson, KontakPerson, JenisKelaminPerson, StatusPerson, AlamatPerson, UsiaPerson) VALUES ('3372000000000143', 'Ni Luh Made Indah', '81234567823', 'F', 'Pekerja', 'Jl. Bunga Anyelir No. 34, Denpasar', 62);
INSERT INTO PERSON (NIKPerson, NamaPerson, KontakPerson, JenisKelaminPerson, StatusPerson, AlamatPerson, UsiaPerson) VALUES ('3372000000000144', 'I Ketut Wenten', '81234567824', 'M', 'Pekerja', 'Jl. Bunga Tulip No. 35, Denpasar', 71);
INSERT INTO PERSON (NIKPerson, NamaPerson, KontakPerson, JenisKelaminPerson, StatusPerson, AlamatPerson, UsiaPerson) VALUES ('3372000000000145', 'Putu Ayu Wulandari', '81234567825', 'F', 'Pekerja', 'Jl. Bunga Lavender No. 36, Denpasar', 60);
INSERT INTO PERSON (NIKPerson, NamaPerson, KontakPerson, JenisKelaminPerson, StatusPerson, AlamatPerson, UsiaPerson) VALUES ('3372000000000146', 'Daeng Parani Baso', '81234567826', 'M', 'Pekerja', 'Jl. Bunga Teratai No. 37, Makassar', 69);
INSERT INTO PERSON (NIKPerson, NamaPerson, KontakPerson, JenisKelaminPerson, StatusPerson, AlamatPerson, UsiaPerson) VALUES ('3372000000000147', 'Andi Tenri Ajeng', '81234567827', 'F', 'Pekerja', 'Jl. Bunga Melati No. 38, Makassar', 67);
INSERT INTO PERSON (NIKPerson, NamaPerson, KontakPerson, JenisKelaminPerson, StatusPerson, AlamatPerson, UsiaPerson) VALUES ('3372000000000148', 'Puang Daeng Raga', '81234567828', 'M', 'Pekerja', 'Jl. Bunga Sedap Malam No. 39, Makassar', 70);
INSERT INTO PERSON (NIKPerson, NamaPerson, KontakPerson, JenisKelaminPerson, StatusPerson, AlamatPerson, UsiaPerson) VALUES ('3372000000000149', 'Datu Fatimah Arung', '81234567829', 'F', 'Pekerja', 'Jl. Bunga Lili No. 40, Makassar', 66);
INSERT INTO PERSON (NIKPerson, NamaPerson, KontakPerson, JenisKelaminPerson, StatusPerson, AlamatPerson, UsiaPerson) VALUES ('3372000000000150', 'Koharuddin Siregar', '81234567830', 'M', 'Pekerja', 'Jl. Bunga Kertas No. 41, Manado', 68);
INSERT INTO PERSON (NIKPerson, NamaPerson, KontakPerson, JenisKelaminPerson, StatusPerson, AlamatPerson, UsiaPerson) VALUES ('3372000000000151', 'Bundo Kanduang', '81234567831', 'F', 'Pekerja', 'Jl. Bunga Sepatu No. 42, Manado', 65);
INSERT INTO PERSON (NIKPerson, NamaPerson, KontakPerson, JenisKelaminPerson, StatusPerson, AlamatPerson, UsiaPerson) VALUES ('3372000000000152', 'Tjong A Fie', '81234567832', 'M', 'Pekerja', 'Jl. Bunga Kembang Mawar No. 43, Manado', 72);
INSERT INTO PERSON (NIKPerson, NamaPerson, KontakPerson, JenisKelaminPerson, StatusPerson, AlamatPerson, UsiaPerson) VALUES ('3372000000000153', 'Encik Roslina', '81234567833', 'F', 'Pekerja', 'Jl. Bunga Asoka No. 44, Balikpapan', 63);
INSERT INTO PERSON (NIKPerson, NamaPerson, KontakPerson, JenisKelaminPerson, StatusPerson, AlamatPerson, UsiaPerson) VALUES ('3372000000000154', 'Engku Muhammad Amin', '81234567834', 'M', 'Pekerja', 'Jl. Bunga Kenanga No. 45, Balikpapan', 71);
INSERT INTO PERSON (NIKPerson, NamaPerson, KontakPerson, JenisKelaminPerson, StatusPerson, AlamatPerson, UsiaPerson) VALUES ('3372000000000155', 'Datuk Zaleha', '81234567835', 'F', 'Pekerja', 'Jl. Bunga Bougenville No. 46, Balikpapan', 60);
INSERT INTO PERSON (NIKPerson, NamaPerson, KontakPerson, JenisKelaminPerson, StatusPerson, AlamatPerson, UsiaPerson) VALUES ('3372000000000156', 'Pangeran Aria Diponegoro', '81234567836', 'M', 'Pekerja', 'Jl. Bunga Dahlia No. 47, Samarinda', 74);
INSERT INTO PERSON (NIKPerson, NamaPerson, KontakPerson, JenisKelaminPerson, StatusPerson, AlamatPerson, UsiaPerson) VALUES ('3372000000000157', 'Ratu Shima Kusuma', '81234567837', 'F', 'Pekerja', 'Jl. Bunga Sakura No. 48, Samarinda', 61);
INSERT INTO PERSON (NIKPerson, NamaPerson, KontakPerson, JenisKelaminPerson, StatusPerson, AlamatPerson, UsiaPerson) VALUES ('3372000000000158', 'Kyai Haji Ahmad Dahlan', '81234567838', 'M', 'Pekerja', 'Jl. Bunga Teratai No. 49, Samarinda', 69);
INSERT INTO PERSON (NIKPerson, NamaPerson, KontakPerson, JenisKelaminPerson, StatusPerson, AlamatPerson, UsiaPerson) VALUES ('3372000000000159', 'Budi Santoso', '081211223344', 'M', 'Pekerja', 'Jl. Kenanga No. 10, Jakarta', 45);
INSERT INTO PERSON (NIKPerson, NamaPerson, KontakPerson, JenisKelaminPerson, StatusPerson, AlamatPerson, UsiaPerson) VALUES ('3372000000000160', 'Cici Indah', '087822334455', 'F', 'Pekerja', 'Jl. Melati No. 25, Bandung', 38);
INSERT INTO PERSON (NIKPerson, NamaPerson, KontakPerson, JenisKelaminPerson, StatusPerson, AlamatPerson, UsiaPerson) VALUES ('3372000000000161', 'Dodi Kurniawan', '085233445566', 'M', 'Pekerja', 'Jl. Anggrek No. 30, Surabaya', 50);
INSERT INTO PERSON (NIKPerson, NamaPerson, KontakPerson, JenisKelaminPerson, StatusPerson, AlamatPerson, UsiaPerson) VALUES ('3372000000000162', 'Evi Susanti', '081144556677', 'F', 'Pekerja', 'Jl. Mawar No. 45, Yogyakarta', 32);
INSERT INTO PERSON (NIKPerson, NamaPerson, KontakPerson, JenisKelaminPerson, StatusPerson, AlamatPerson, UsiaPerson) VALUES ('3372000000000163', 'Fahmi Rachman', '082155667788', 'M', 'Pekerja', 'Jl. Cempaka No. 50, Medan', 48);
INSERT INTO PERSON (NIKPerson, NamaPerson, KontakPerson, JenisKelaminPerson, StatusPerson, AlamatPerson, UsiaPerson) VALUES ('3372000000000164', 'Gita Wijaya', '085766778899', 'F', 'Pekerja', 'Jl. Dahlia No. 12, Semarang', 41);
INSERT INTO PERSON (NIKPerson, NamaPerson, KontakPerson, JenisKelaminPerson, StatusPerson, AlamatPerson, UsiaPerson) VALUES ('3372000000000165', 'Harry Setiawan', '081877889900', 'M', 'Pekerja', 'Jl. Tulip No. 60, Palembang', 55);
INSERT INTO PERSON (NIKPerson, NamaPerson, KontakPerson, JenisKelaminPerson, StatusPerson, AlamatPerson, UsiaPerson) VALUES ('3372000000000166', 'Intan Permata', '089688990011', 'F', 'Pekerja', 'Jl. Edelweiss No. 15, Makassar', 30);
INSERT INTO PERSON (NIKPerson, NamaPerson, KontakPerson, JenisKelaminPerson, StatusPerson, AlamatPerson, UsiaPerson) VALUES ('3372000000000167', 'Joko Purnomo', '081399001122', 'M', 'Pekerja', 'Jl. Sakura No. 70, Denpasar', 52);
INSERT INTO PERSON (NIKPerson, NamaPerson, KontakPerson, JenisKelaminPerson, StatusPerson, AlamatPerson, UsiaPerson) VALUES ('3372000000000168', 'Kiki Andriani', '087700112233', 'F', 'Pekerja', 'Jl. Teratai No. 22, Padang', 35);
INSERT INTO PERSON (NIKPerson, NamaPerson, KontakPerson, JenisKelaminPerson, StatusPerson, AlamatPerson, UsiaPerson) VALUES ('3372000000000169', 'Lucky Pratama', '085311223344', 'M', 'Pekerja', 'Jl. Kamboja No. 80, Samarinda', 47);
INSERT INTO PERSON (NIKPerson, NamaPerson, KontakPerson, JenisKelaminPerson, StatusPerson, AlamatPerson, UsiaPerson) VALUES ('3372000000000170', 'Mira Zahra', '081222334455', 'F', 'Pekerja', 'Jl. Sedap Malam No. 90, Bogor', 39);
INSERT INTO PERSON (NIKPerson, NamaPerson, KontakPerson, JenisKelaminPerson, StatusPerson, AlamatPerson, UsiaPerson) VALUES ('3372000000000171', 'Nova Sari', '081933445566', 'F', 'Pekerja', 'Jl. Bougenville No. 100, Depok', 43);
INSERT INTO PERSON (NIKPerson, NamaPerson, KontakPerson, JenisKelaminPerson, StatusPerson, AlamatPerson, UsiaPerson) VALUES ('3372000000000172', 'Olga Wijoyo', '087844556677', 'F', 'Pekerja', 'Jl. Matahari No. 5, Sleman', 31);
INSERT INTO PERSON (NIKPerson, NamaPerson, KontakPerson, JenisKelaminPerson, StatusPerson, AlamatPerson, UsiaPerson) VALUES ('3372000000000173', 'Putra Abadi', '085255667788', 'M', 'Pekerja', 'Jl. Mawar Bodas No. 8, Klaten', 58);
INSERT INTO PERSON (NIKPerson, NamaPerson, KontakPerson, JenisKelaminPerson, StatusPerson, AlamatPerson, UsiaPerson) VALUES ('3372000000000174', 'Rima Dewi', '081166778899', 'F', 'Pekerja', 'Jl. Sakura Putih No. 18, Jakarta', 34);
INSERT INTO PERSON (NIKPerson, NamaPerson, KontakPerson, JenisKelaminPerson, StatusPerson, AlamatPerson, UsiaPerson) VALUES ('3372000000000175', 'Siska Amelia', '082177889900', 'F', 'Pekerja', 'Jl. Teratai Biru No. 28, Bandung', 40);
INSERT INTO PERSON (NIKPerson, NamaPerson, KontakPerson, JenisKelaminPerson, StatusPerson, AlamatPerson, UsiaPerson) VALUES ('3372000000000176', 'Teguh Wicaksono', '085788990011', 'M', 'Pekerja', 'Jl. Anggrek Bulan No. 38, Surabaya', 53);
INSERT INTO PERSON (NIKPerson, NamaPerson, KontakPerson, JenisKelaminPerson, StatusPerson, AlamatPerson, UsiaPerson) VALUES ('3372000000000177', 'Umi Nurjanah', '081899001122', 'F', 'Pekerja', 'Jl. Mawar Merah No. 48, Yogyakarta', 46);
INSERT INTO PERSON (NIKPerson, NamaPerson, KontakPerson, JenisKelaminPerson, StatusPerson, AlamatPerson, UsiaPerson) VALUES ('3372000000000178', 'Vino Ardian', '089600112233', 'M', 'Pekerja', 'Jl. Dahlia Kuning No. 58, Medan', 37);
INSERT INTO PERSON (NIKPerson, NamaPerson, KontakPerson, JenisKelaminPerson, StatusPerson, AlamatPerson, UsiaPerson) VALUES ('3372000000000179', 'Wati Rahayu', '081311223344', 'F', 'Pekerja', 'Jl. Tulip Ungu No. 68, Semarang', 51);
INSERT INTO PERSON (NIKPerson, NamaPerson, KontakPerson, JenisKelaminPerson, StatusPerson, AlamatPerson, UsiaPerson) VALUES ('3372000000000180', 'Xavier Pratama', '087722334455', 'M', 'Pekerja', 'Jl. Edelweiss Putih No. 78, Palembang', 42);
INSERT INTO PERSON (NIKPerson, NamaPerson, KontakPerson, JenisKelaminPerson, StatusPerson, AlamatPerson, UsiaPerson) VALUES ('3372000000000181', 'Yuni Lestari', '085333445566', 'F', 'Pekerja', 'Jl. Sakura Merah No. 88, Makassar', 36);
INSERT INTO PERSON (NIKPerson, NamaPerson, KontakPerson, JenisKelaminPerson, StatusPerson, AlamatPerson, UsiaPerson) VALUES ('3372000000000182', 'Zainal Arifin', '081244556677', 'M', 'Pekerja', 'Jl. Teratai Ungu No. 98, Denpasar', 59);
INSERT INTO PERSON (NIKPerson, NamaPerson, KontakPerson, JenisKelaminPerson, StatusPerson, AlamatPerson, UsiaPerson) VALUES ('3372000000000183', 'Aldo Saputra', '081955667788', 'M', 'Pekerja', 'Jl. Kamboja Kuning No. 108, Padang', 44);
INSERT INTO PERSON (NIKPerson, NamaPerson, KontakPerson, JenisKelaminPerson, StatusPerson, AlamatPerson, UsiaPerson) VALUES ('3372000000000184', 'Bella Permata', '087866778899', 'F', 'Pekerja', 'Jl. Sedap Malam Putih No. 118, Samarinda', 33);
INSERT INTO PERSON (NIKPerson, NamaPerson, KontakPerson, JenisKelaminPerson, StatusPerson, AlamatPerson, UsiaPerson) VALUES ('3372000000000185', 'Cindy Laura', '085277889900', 'F', 'Pekerja', 'Jl. Bougenville Merah No. 128, Bogor', 49);

-- PELANGGAN
INSERT INTO PELANGGAN (IdPelanggan, NamaPelanggan, KontakPelanggan, JenisKelamin, NIKPerson) VALUES ('55790001', 'Merche Anastasya', '080100002220', 'F', '3372000000000001');
INSERT INTO PELANGGAN (IdPelanggan, NamaPelanggan, KontakPelanggan, JenisKelamin, NIKPerson) VALUES ('55790002', 'Miranda Indah', '080100002221', 'F', '3372000000000002');
INSERT INTO PELANGGAN (IdPelanggan, NamaPelanggan, KontakPelanggan, JenisKelamin, NIKPerson) VALUES ('55790003', 'Majidah Aminah', '080100002222', 'F', '3372000000000003');
INSERT INTO PELANGGAN (IdPelanggan, NamaPelanggan, KontakPelanggan, JenisKelamin, NIKPerson) VALUES ('55790004', 'Janua Abraham', '080100002223', 'M', '3372000000000004');
INSERT INTO PELANGGAN (IdPelanggan, NamaPelanggan, KontakPelanggan, JenisKelamin, NIKPerson) VALUES ('55790005', 'Maxwell Salvador', '080100002224', 'M', '3372000000000005');
INSERT INTO PELANGGAN (IdPelanggan, NamaPelanggan, KontakPelanggan, JenisKelamin, NIKPerson) VALUES ('55790006', 'Yako Chani Isan', '080100002225', 'M', '3372000000000006');
INSERT INTO PELANGGAN (IdPelanggan, NamaPelanggan, KontakPelanggan, JenisKelamin, NIKPerson) VALUES ('55790007', 'Maryam Ainun', '080100002226', 'F', '3372000000000007');
INSERT INTO PELANGGAN (IdPelanggan, NamaPelanggan, KontakPelanggan, JenisKelamin, NIKPerson) VALUES ('55790008', 'Damian Aditya', '080100002227', 'M', '3372000000000008');
INSERT INTO PELANGGAN (IdPelanggan, NamaPelanggan, KontakPelanggan, JenisKelamin, NIKPerson) VALUES ('55790009', 'Dona Marsinta', '080100002228', 'F', '3372000000000009');
INSERT INTO PELANGGAN (IdPelanggan, NamaPelanggan, KontakPelanggan, JenisKelamin, NIKPerson) VALUES ('55790010', 'Mary Angeli', '080100002229', 'F', '3372000000000010');
INSERT INTO PELANGGAN (IdPelanggan, NamaPelanggan, KontakPelanggan, JenisKelamin, NIKPerson) VALUES ('55790011', 'Aksa Duma', '080100002230', 'M', '3372000000000011');
INSERT INTO PELANGGAN (IdPelanggan, NamaPelanggan, KontakPelanggan, JenisKelamin, NIKPerson) VALUES ('55790012', 'Maudy Ayu', '080100002231', 'F', '3372000000000012');
INSERT INTO PELANGGAN (IdPelanggan, NamaPelanggan, KontakPelanggan, JenisKelamin, NIKPerson) VALUES ('55790013', 'Cyntia Prilly', '080100002232', 'F', '3372000000000013');
INSERT INTO PELANGGAN (IdPelanggan, NamaPelanggan, KontakPelanggan, JenisKelamin, NIKPerson) VALUES ('55790014', 'Layla Sanny', '080100002233', 'F', '3372000000000014');
INSERT INTO PELANGGAN (IdPelanggan, NamaPelanggan, KontakPelanggan, JenisKelamin, NIKPerson) VALUES ('55790015', 'Bella Sunny', '080100002234', 'F', '3372000000000015');
INSERT INTO PELANGGAN (IdPelanggan, NamaPelanggan, KontakPelanggan, JenisKelamin, NIKPerson) VALUES ('55790016', 'Xaviera Putri', '080100002235', 'F', '3372000000000016');
INSERT INTO PELANGGAN (IdPelanggan, NamaPelanggan, KontakPelanggan, JenisKelamin, NIKPerson) VALUES ('55790017', 'Melen Junior', '080100002236', 'M', '3372000000000017');
INSERT INTO PELANGGAN (IdPelanggan, NamaPelanggan, KontakPelanggan, JenisKelamin, NIKPerson) VALUES ('55790018', 'Caleb Bastian', '080100002237', 'M', '3372000000000018');
INSERT INTO PELANGGAN (IdPelanggan, NamaPelanggan, KontakPelanggan, JenisKelamin, NIKPerson) VALUES ('55790019', 'Bravenson', '080100002238', 'M', '3372000000000019');
INSERT INTO PELANGGAN (IdPelanggan, NamaPelanggan, KontakPelanggan, JenisKelamin, NIKPerson) VALUES ('55790020', 'Ken Namiya', '080100002239', 'M', '3372000000000020');
INSERT INTO PELANGGAN (IdPelanggan, NamaPelanggan, KontakPelanggan, JenisKelamin, NIKPerson) VALUES ('55790021', 'Clio Levanya', '080100002240', 'F', '3372000000000021');
INSERT INTO PELANGGAN (IdPelanggan, NamaPelanggan, KontakPelanggan, JenisKelamin, NIKPerson) VALUES ('55790022', 'Tom Brownie', '080100002241', 'M', '3372000000000022');
INSERT INTO PELANGGAN (IdPelanggan, NamaPelanggan, KontakPelanggan, JenisKelamin, NIKPerson) VALUES ('55790023', 'Mardi Brave', '080100002242', 'M', '3372000000000023');
INSERT INTO PELANGGAN (IdPelanggan, NamaPelanggan, KontakPelanggan, JenisKelamin, NIKPerson) VALUES ('55790024', 'Muhammad Asad', '080100002243', 'M', '3372000000000024');
INSERT INTO PELANGGAN (IdPelanggan, NamaPelanggan, KontakPelanggan, JenisKelamin, NIKPerson) VALUES ('55790025', 'Alfrifa Kalina', '080100002244', 'F', '3372000000000025');
INSERT INTO PELANGGAN (IdPelanggan, NamaPelanggan, KontakPelanggan, JenisKelamin, NIKPerson) VALUES ('55790026', 'Gadhi Lia', '080100002245', 'F', '3372000000000026');
INSERT INTO PELANGGAN (IdPelanggan, NamaPelanggan, KontakPelanggan, JenisKelamin, NIKPerson) VALUES ('55790027', 'Sofia Anita', '080100002246', 'F', '3372000000000027');
INSERT INTO PELANGGAN (IdPelanggan, NamaPelanggan, KontakPelanggan, JenisKelamin, NIKPerson) VALUES ('55790028', 'Tadaima Kanasya', '080100002247', 'F', '3372000000000028');
INSERT INTO PELANGGAN (IdPelanggan, NamaPelanggan, KontakPelanggan, JenisKelamin, NIKPerson) VALUES ('55790029', 'Meimei Meilani', '080100002248', 'F', '3372000000000029');
INSERT INTO PELANGGAN (IdPelanggan, NamaPelanggan, KontakPelanggan, JenisKelamin, NIKPerson) VALUES ('55790030', 'Kim Minjae', '080100002249', 'M', '3372000000000030');
INSERT INTO PELANGGAN (IdPelanggan, NamaPelanggan, KontakPelanggan, JenisKelamin, NIKPerson) VALUES ('55790031', 'Vina Almi', '080100002250', 'F', '3372000000000031');
INSERT INTO PELANGGAN (IdPelanggan, NamaPelanggan, KontakPelanggan, JenisKelamin, NIKPerson) VALUES ('55790032', 'Dillah Kusumo', '080100002251', 'F', '3372000000000032');
INSERT INTO PELANGGAN (IdPelanggan, NamaPelanggan, KontakPelanggan, JenisKelamin, NIKPerson) VALUES ('55790033', 'Dania Marista', '080100002252', 'F', '3372000000000033');
INSERT INTO PELANGGAN (IdPelanggan, NamaPelanggan, KontakPelanggan, JenisKelamin, NIKPerson) VALUES ('55790034', 'Lita White', '080100002253', 'F', '3372000000000034');
INSERT INTO PELANGGAN (IdPelanggan, NamaPelanggan, KontakPelanggan, JenisKelamin, NIKPerson) VALUES ('55790035', 'Janson Mario', '080100002254', 'M', '3372000000000035');
INSERT INTO PELANGGAN (IdPelanggan, NamaPelanggan, KontakPelanggan, JenisKelamin, NIKPerson) VALUES ('55790036', 'Alif Dyani', '080100002255', 'M', '3372000000000036');
INSERT INTO PELANGGAN (IdPelanggan, NamaPelanggan, KontakPelanggan, JenisKelamin, NIKPerson) VALUES ('55790037', 'Lilies Amalia', '080100002256', 'F', '3372000000000037');
INSERT INTO PELANGGAN (IdPelanggan, NamaPelanggan, KontakPelanggan, JenisKelamin, NIKPerson) VALUES ('55790038', 'Jumardi Junto', '080100002257', 'M', '3372000000000038');
INSERT INTO PELANGGAN (IdPelanggan, NamaPelanggan, KontakPelanggan, JenisKelamin, NIKPerson) VALUES ('55790039', 'Giani', '080100002258', 'M', '3372000000000039');
INSERT INTO PELANGGAN (IdPelanggan, NamaPelanggan, KontakPelanggan, JenisKelamin, NIKPerson) VALUES ('55790040', 'Ahmad Faiz', '080100002259', 'M', '3372000000000040');
INSERT INTO PELANGGAN (IdPelanggan, NamaPelanggan, KontakPelanggan, JenisKelamin, NIKPerson) VALUES ('55790041', 'Abdullah Yusuf', '080100002260', 'M', '3372000000000041');
INSERT INTO PELANGGAN (IdPelanggan, NamaPelanggan, KontakPelanggan, JenisKelamin, NIKPerson) VALUES ('55790042', 'Rizky Pratama', '080100002261', 'M', '3372000000000042');
INSERT INTO PELANGGAN (IdPelanggan, NamaPelanggan, KontakPelanggan, JenisKelamin, NIKPerson) VALUES ('55790043', 'Fikri Hidayat', '080100002262', 'M', '3372000000000043');
INSERT INTO PELANGGAN (IdPelanggan, NamaPelanggan, KontakPelanggan, JenisKelamin, NIKPerson) VALUES ('55790044', 'Jibran Al-Ghifari', '080100002263', 'M', '3372000000000044');
INSERT INTO PELANGGAN (IdPelanggan, NamaPelanggan, KontakPelanggan, JenisKelamin, NIKPerson) VALUES ('55790045', 'Bayu Wijaya', '080100002264', 'M', '3372000000000045');
INSERT INTO PELANGGAN (IdPelanggan, NamaPelanggan, KontakPelanggan, JenisKelamin, NIKPerson) VALUES ('55790046', 'Wisnu Murti', '080100002265', 'M', '3372000000000046');
INSERT INTO PELANGGAN (IdPelanggan, NamaPelanggan, KontakPelanggan, JenisKelamin, NIKPerson) VALUES ('55790047', 'Surya Dharma', '080100002266', 'M', '3372000000000047');
INSERT INTO PELANGGAN (IdPelanggan, NamaPelanggan, KontakPelanggan, JenisKelamin, NIKPerson) VALUES ('55790048', 'Kevin Alexander', '080100002267', 'M', '3372000000000048');
INSERT INTO PELANGGAN (IdPelanggan, NamaPelanggan, KontakPelanggan, JenisKelamin, NIKPerson) VALUES ('55790049', 'Aldo Reynaldi', '080100002268', 'M', '3372000000000049');
INSERT INTO PELANGGAN (IdPelanggan, NamaPelanggan, KontakPelanggan, JenisKelamin, NIKPerson) VALUES ('55790050', 'Rendy Julianto', '080100002269', 'M', '3372000000000050');
INSERT INTO PELANGGAN (IdPelanggan, NamaPelanggan, KontakPelanggan, JenisKelamin, NIKPerson) VALUES ('55790051', 'Leon Putra', '080100002270', 'M', '3372000000000051');
INSERT INTO PELANGGAN (IdPelanggan, NamaPelanggan, KontakPelanggan, JenisKelamin, NIKPerson) VALUES ('55790052', 'Aisyah Humairah', '080100002271', 'F', '3372000000000052');
INSERT INTO PELANGGAN (IdPelanggan, NamaPelanggan, KontakPelanggan, JenisKelamin, NIKPerson) VALUES ('55790053', 'Safira Nurul', '080100002272', 'F', '3372000000000053');
INSERT INTO PELANGGAN (IdPelanggan, NamaPelanggan, KontakPelanggan, JenisKelamin, NIKPerson) VALUES ('55790054', 'Khairunnisa Azzahra', '080100002273', 'F', '3372000000000054');
INSERT INTO PELANGGAN (IdPelanggan, NamaPelanggan, KontakPelanggan, JenisKelamin, NIKPerson) VALUES ('55790055', 'Husna Kamila', '080100002274', 'F', '3372000000000055');
INSERT INTO PELANGGAN (IdPelanggan, NamaPelanggan, KontakPelanggan, JenisKelamin, NIKPerson) VALUES ('55790056', 'Sekar Arum', '080100002275', 'F', '3372000000000056');
INSERT INTO PELANGGAN (IdPelanggan, NamaPelanggan, KontakPelanggan, JenisKelamin, NIKPerson) VALUES ('55790057', 'Citra Amelia', '080100002276', 'F', '3372000000000057');
INSERT INTO PELANGGAN (IdPelanggan, NamaPelanggan, KontakPelanggan, JenisKelamin, NIKPerson) VALUES ('55790058', 'Keisha Azalea', '080100002277', 'F', '3372000000000058');
INSERT INTO PELANGGAN (IdPelanggan, NamaPelanggan, KontakPelanggan, JenisKelamin, NIKPerson) VALUES ('55790059', 'Melati Kusuma', '080100002278', 'F', '3372000000000059');
INSERT INTO PELANGGAN (IdPelanggan, NamaPelanggan, KontakPelanggan, JenisKelamin, NIKPerson) VALUES ('55790060', 'Dzaky Alamsyah', '080100002279', 'M', '3372000000000060');
INSERT INTO PELANGGAN (IdPelanggan, NamaPelanggan, KontakPelanggan, JenisKelamin, NIKPerson) VALUES ('55790061', 'Rizky Ramadhan', '080100002280', 'M', '3372000000000061');
INSERT INTO PELANGGAN (IdPelanggan, NamaPelanggan, KontakPelanggan, JenisKelamin, NIKPerson) VALUES ('55790062', 'Indah Permata', '080100002281', 'F', '3372000000000062');
INSERT INTO PELANGGAN (IdPelanggan, NamaPelanggan, KontakPelanggan, JenisKelamin, NIKPerson) VALUES ('55790063', 'Aditya Pratama', '080100002282', 'M', '3372000000000063');
INSERT INTO PELANGGAN (IdPelanggan, NamaPelanggan, KontakPelanggan, JenisKelamin, NIKPerson) VALUES ('55790064', 'Fajar Nugroho', '080100002283', 'M', '3372000000000064');
INSERT INTO PELANGGAN (IdPelanggan, NamaPelanggan, KontakPelanggan, JenisKelamin, NIKPerson) VALUES ('55790065', 'Fitriani Dewi', '080100002284', 'F', '3372000000000065');
INSERT INTO PELANGGAN (IdPelanggan, NamaPelanggan, KontakPelanggan, JenisKelamin, NIKPerson) VALUES ('55790066', 'Galih Wicaksono', '080100002285', 'M', '3372000000000066');
INSERT INTO PELANGGAN (IdPelanggan, NamaPelanggan, KontakPelanggan, JenisKelamin, NIKPerson) VALUES ('55790067', 'Hani Fatimah', '080100002286', 'F', '3372000000000067');
INSERT INTO PELANGGAN (IdPelanggan, NamaPelanggan, KontakPelanggan, JenisKelamin, NIKPerson) VALUES ('55790068', 'Irfan Maulana', '080100002287', 'M', '3372000000000068');
INSERT INTO PELANGGAN (IdPelanggan, NamaPelanggan, KontakPelanggan, JenisKelamin, NIKPerson) VALUES ('55790069', 'Jessica Angelina', '080100002288', 'F', '3372000000000069');
INSERT INTO PELANGGAN (IdPelanggan, NamaPelanggan, KontakPelanggan, JenisKelamin, NIKPerson) VALUES ('55790070', 'Kevin Wijaya', '080100002289', 'M', '3372000000000070');
INSERT INTO PELANGGAN (IdPelanggan, NamaPelanggan, KontakPelanggan, JenisKelamin, NIKPerson) VALUES ('55790071', 'Larasati Kusuma', '080100002290', 'F', '3372000000000071');
INSERT INTO PELANGGAN (IdPelanggan, NamaPelanggan, KontakPelanggan, JenisKelamin, NIKPerson) VALUES ('55790072', 'M. Daffa Alif', '080100002291', 'M', '3372000000000072');
INSERT INTO PELANGGAN (IdPelanggan, NamaPelanggan, KontakPelanggan, JenisKelamin, NIKPerson) VALUES ('55790073', 'Nadia Putri', '080100002292', 'F', '3372000000000073');
INSERT INTO PELANGGAN (IdPelanggan, NamaPelanggan, KontakPelanggan, JenisKelamin, NIKPerson) VALUES ('55790074', 'Omar Ksatria', '080100002293', 'M', '3372000000000074');
INSERT INTO PELANGGAN (IdPelanggan, NamaPelanggan, KontakPelanggan, JenisKelamin, NIKPerson) VALUES ('55790075', 'Puspita Sari', '080100002294', 'F', '3372000000000075');
INSERT INTO PELANGGAN (IdPelanggan, NamaPelanggan, KontakPelanggan, JenisKelamin, NIKPerson) VALUES ('55790076', 'Qori Nuraini', '080100002295', 'F', '3372000000000076');
INSERT INTO PELANGGAN (IdPelanggan, NamaPelanggan, KontakPelanggan, JenisKelamin, NIKPerson) VALUES ('55790077', 'Rian Firmansyah', '080100002296', 'M', '3372000000000077');
INSERT INTO PELANGGAN (IdPelanggan, NamaPelanggan, KontakPelanggan, JenisKelamin, NIKPerson) VALUES ('55790078', 'Salsabila Zahra', '080100002297', 'F', '3372000000000078');
INSERT INTO PELANGGAN (IdPelanggan, NamaPelanggan, KontakPelanggan, JenisKelamin, NIKPerson) VALUES ('55790079', 'Taufiq Hidayat', '080100002298', 'M', '3372000000000079');
INSERT INTO PELANGGAN (IdPelanggan, NamaPelanggan, KontakPelanggan, JenisKelamin, NIKPerson) VALUES ('55790080', 'Ulya Nafisa', '080100002299', 'F', '3372000000000080');
INSERT INTO PELANGGAN (IdPelanggan, NamaPelanggan, KontakPelanggan, JenisKelamin, NIKPerson) VALUES ('55790081', 'Vian Putra', '080100002300', 'M', '3372000000000081');
INSERT INTO PELANGGAN (IdPelanggan, NamaPelanggan, KontakPelanggan, JenisKelamin, NIKPerson) VALUES ('55790082', 'Wulan Sari', '080100002301', 'F', '3372000000000082');
INSERT INTO PELANGGAN (IdPelanggan, NamaPelanggan, KontakPelanggan, JenisKelamin, NIKPerson) VALUES ('55790083', 'Yoga Pratama', '080100002302', 'M', '3372000000000083');
INSERT INTO PELANGGAN (IdPelanggan, NamaPelanggan, KontakPelanggan, JenisKelamin, NIKPerson) VALUES ('55790084', 'Zahra Khairani', '080100002303', 'F', '3372000000000084');
INSERT INTO PELANGGAN (IdPelanggan, NamaPelanggan, KontakPelanggan, JenisKelamin, NIKPerson) VALUES ('55790085', 'Arya Wijaya', '080100002304', 'M', '3372000000000085');
INSERT INTO PELANGGAN (IdPelanggan, NamaPelanggan, KontakPelanggan, JenisKelamin, NIKPerson) VALUES ('55790086', 'Bima Sakti', '080100002305', 'M', '3372000000000086');
INSERT INTO PELANGGAN (IdPelanggan, NamaPelanggan, KontakPelanggan, JenisKelamin, NIKPerson) VALUES ('55790087', 'Cahaya Nur', '080100002306', 'F', '3372000000000087');
INSERT INTO PELANGGAN (IdPelanggan, NamaPelanggan, KontakPelanggan, JenisKelamin, NIKPerson) VALUES ('55790088', 'Desta Ramadhan', '080100002307', 'M', '3372000000000088');
INSERT INTO PELANGGAN (IdPelanggan, NamaPelanggan, KontakPelanggan, JenisKelamin, NIKPerson) VALUES ('55790089', 'Eka Putri', '080100002308', 'F', '3372000000000089');
INSERT INTO PELANGGAN (IdPelanggan, NamaPelanggan, KontakPelanggan, JenisKelamin, NIKPerson) VALUES ('55790090', 'Farid Hidayat', '080100002309', 'M', '3372000000000090');
INSERT INTO PELANGGAN (IdPelanggan, NamaPelanggan, KontakPelanggan, JenisKelamin, NIKPerson) VALUES ('55790091', 'Gita Lestari', '080100002310', 'F', '3372000000000091');
INSERT INTO PELANGGAN (IdPelanggan, NamaPelanggan, KontakPelanggan, JenisKelamin, NIKPerson) VALUES ('55790092', 'Hadi Wijaya', '080100002311', 'M', '3372000000000092');
INSERT INTO PELANGGAN (IdPelanggan, NamaPelanggan, KontakPelanggan, JenisKelamin, NIKPerson) VALUES ('55790093', 'Indriani Safitri', '080100002312', 'F', '3372000000000093');
INSERT INTO PELANGGAN (IdPelanggan, NamaPelanggan, KontakPelanggan, JenisKelamin, NIKPerson) VALUES ('55790094', 'Jaka Permana', '080100002313', 'M', '3372000000000094');
INSERT INTO PELANGGAN (IdPelanggan, NamaPelanggan, KontakPelanggan, JenisKelamin, NIKPerson) VALUES ('55790095', 'Kirana Ayu', '080100002314', 'F', '3372000000000095');
INSERT INTO PELANGGAN (IdPelanggan, NamaPelanggan, KontakPelanggan, JenisKelamin, NIKPerson) VALUES ('55790096', 'Lutfi Hakim', '080100002315', 'M', '3372000000000096');
INSERT INTO PELANGGAN (IdPelanggan, NamaPelanggan, KontakPelanggan, JenisKelamin, NIKPerson) VALUES ('55790097', 'Maya Adiba', '080100002316', 'F', '3372000000000097');
INSERT INTO PELANGGAN (IdPelanggan, NamaPelanggan, KontakPelanggan, JenisKelamin, NIKPerson) VALUES ('55790098', 'Naufal Rizky', '080100002317', 'M', '3372000000000098');
INSERT INTO PELANGGAN (IdPelanggan, NamaPelanggan, KontakPelanggan, JenisKelamin, NIKPerson) VALUES ('55790099', 'Olivia Putri', '080100002318', 'F', '3372000000000099');
INSERT INTO PELANGGAN (IdPelanggan, NamaPelanggan, KontakPelanggan, JenisKelamin, NIKPerson) VALUES ('55790100', 'Pandu Dwiputra', '080100002319', 'M', '3372000000000100');

-- PENYEDIA_TRANSPORTASI
INSERT INTO PENYEDIA_TRANSPORTASI (IdPenyedia, NamaPenyedia, KontakPenyedia, JenisPenyedia, NIKPerson) VALUES
('P001', 'PT Kereta Api Indonesia (Persero)', '(021) 7982 634', 'Kereta Api', '3372000000000110'), -- Terhubung ke Raden Soedjono
('P002', 'PT Kereta Commuter Indonesia', '(021) 6977 522', 'Kereta Api', '3372000000000111'), -- Terhubung ke Siti Aminah P.
('P003', 'PT MRT Jakarta', '(021) 7982 635', 'MRT', '3372000000000112'), -- Terhubung ke Tan Boen Liong
('P004', 'PT Jakarta Propertindo (Jakpro)', '(021) 5977 523', 'Transportasi Umum', '3372000000000113'), -- Terhubung ke Sri Rahayu Ningsih
('P005', 'Rosalia Indah', '(021) 7982 346', 'Bus', '3372000000000114'), -- Terhubung ke Kwee Tjie Hay
('P006', 'Sinar Jaya', '(021) 6977 524', 'Bus', '3372000000000115'),
('P007', 'Gunung Harta', '(021) 7982 637', 'Bus', '3372000000000116'),
('P008', 'Harapan Jaya', '(021) 6977 525', 'Bus', '3372000000000117'),
('P009', 'Agra Mas', '(021) 7982 638', 'Bus', '3372000000000118'),
('P010', 'Budiman', '(021) 6977 529', 'Bus', '3372000000000119'),
('P011', 'PT Transportasi Jakarta', '(021) 5001 219', 'Transportasi Umum', '3372000000000120'),
('P012', 'PT Anindya Mitra Internasional (AMI)', '(021) 3747 530', 'Transportasi Umum', '3372000000000121'),
('P013', 'Dinas Perhubungan Surabaya', '(021) 5001 220', 'Transportasi Umum', '3372000000000122'),
('P014', 'Badan Layanan Umum Trans Semarang', '(021) 8977 531', 'Transportasi Umum', '3372000000000123'),
('P015', 'Koperasi/Perorangan Lokal', '(021) 5001 221', 'Transportasi Umum', '3372000000000124'),
('P016', 'Blue Bird Group', '(021) 6977 532', 'Taksi', '3372000000000125'),
('P017', 'Express Group', '(021) 84938482', 'Taksi', '3372000000000126'),
('P018', 'Gojek', '(021) 6977 533', 'Transportasi Online', '3372000000000127'),
('P019', 'Grab', '(021) 1445 5188', 'Transportasi Online', '3372000000000128'),
('P020', 'Maxim', '(021) 2193 2843', 'Transportasi Online', '3372000000000129'),
('P021', 'InDrive', '(021) 7977 778', 'Transportasi Online', '3372000000000130'),
('P022', 'Cipaganti Travel', '(021) 5001 223', 'Travel', '3372000000000131'),
('P023', 'Daytrans', '(021) 6977 534', 'Travel', '3372000000000132'),
('P024', 'Lintas Shuttle', '(021) 1445 5189', 'Travel', '3372000000000133'),
('P025', 'PT Pelayaran Nasional Indonesia (Pelni)', '(021) 2193 2844', 'Kapal Laut', '3372000000000134'),
('P026', 'PT ASDP Indonesia Ferry (Persero)', '(021) 7977 778', 'Kapal Laut', '3372000000000135'),
('P027', 'Garuda Indonesia', '(021) 5001 223', 'Penerbangan', '3372000000000136'),
('P028', 'Lion Air', '(021) 6379 8000', 'Penerbangan', '3372000000000137'),
('P029', 'Citilink', '(021) 5979 8001', 'Penerbangan', '3372000000000138'),
('P030', 'Batik Air', '(021) 6378 800', 'Penerbangan', '3372000000000139'),
('P031', 'PO Haryanto', '(021) 2369 6000', 'Bus', '3372000000000140'),
('P032', 'Mayasari Bakti', '(021) 4349 8004', 'Bus', '3372000000000141'),
('P033', 'Hiba Group', '(021) 4679 8000', 'Bus', '3372000000000142'),
('P034', 'Perum Damri', '(021) 9659 3000', 'Bus', '3372000000000143'),
('P035', 'PT Transportasi Kota Bogor (TRON)', '(021) 6378 801', 'Transportasi Umum', '3372000000000144'),
('P036', 'Operator Lokal (misal PT Satria Trans Jaya)', '(021) 2369 6001', 'Transportasi Umum', '3372000000000145'),
('P037', 'PT Kereta Api Pariwisata', '(021) 4349 8005', 'Kereta Api', '3372000000000146'),
('P038', 'Berbagai Operator Swasta Lokal', '(021) 4679 8001', 'Transportasi Umum', '3372000000000147'),
('P039', 'Operator Lokal/Koperasi', '(021) 9659 3001', 'Transportasi Umum', '3372000000000148'),
('P040', 'Pelita Air Service', '(021) 6378 802', 'Penerbangan', '3372000000000149'),
('P041', 'TransNusa', '(021) 6310888', 'Penerbangan', '3372000000000150'),
('P042', 'PPD', '(021) 7310889', 'Transportasi Umum', '3372000000000151'),
('P043', 'Morante', '(021) 8310890', 'Transportasi Umum', '3372000000000152'),
('P044', 'President Taxi', '(021) 6310891', 'Taksi', '3372000000000153'),
('P045', 'PT Kereta Commuter Indonesia', '(021) 810892', 'Kereta Api', '3372000000000154'),
('P046', 'Berbagai PO Swasta', '(021) 5810893', 'Bus', '3372000000000155'),
('P047', 'Perusahaan Swasta/BUMN era lama', '(021) 10810894', 'Transportasi Umum', '3372000000000156'),
('P048', 'Mandala Airlines', '(021) 15810895', 'Penerbangan', '3372000000000157'),
('P049', 'Batavia Air', '(021) 20810896', 'Penerbangan', '3372000000000158');

--- PENGELOLA
INSERT INTO PENGELOLA (NIKPerson, IdPengelola, NamaPengelola, KontakPengelola, PosisiPengelola, IdPenyedia) VALUES ('3372000000000101', 'PGL002', 'Kyai Haji Ahmad Dahlan', '081312345678', 'Pramugari Pesawat', 'P028');
INSERT INTO PENGELOLA (NIKPerson, IdPengelola, NamaPengelola, KontakPengelola, PosisiPengelola, IdPenyedia) VALUES ('3372000000000158', 'PGL003', 'Ayu Lestari', '81234567838', 'Pemilik Perusahaan', 'P003');
INSERT INTO PENGELOLA (NIKPerson, IdPengelola, NamaPengelola, KontakPengelola, PosisiPengelola, IdPenyedia) VALUES ('3372000000000103', 'PGL004', 'Dewi Anggraini', '087811223344', 'Petugas Pengawas Angkutan Bus', 'P011');
INSERT INTO PENGELOLA (NIKPerson, IdPengelola, NamaPengelola, KontakPengelola, PosisiPengelola, IdPenyedia) VALUES ('3372000000000104', 'PGL005', 'Eko Prasetyo', '085255667788', 'Nakhoda Kapal', 'P025');
INSERT INTO PENGELOLA (NIKPerson, IdPengelola, NamaPengelola, KontakPengelola, PosisiPengelola, IdPenyedia) VALUES ('3372000000000105', 'PGL006', 'Fitriani', '081199887766', 'Staff Customer Service Ojol', 'P018');
INSERT INTO PENGELOLA (NIKPerson, IdPengelola, NamaPengelola, KontakPengelola, PosisiPengelola, IdPenyedia) VALUES ('3372000000000106', 'PGL007', 'Gani Ramadhan', '082144556677', 'Pilot Pesawat', 'P029');
INSERT INTO PENGELOLA (NIKPerson, IdPengelola, NamaPengelola, KontakPengelola, PosisiPengelola, IdPenyedia) VALUES ('3372000000000107', 'PGL008', 'Hilda Nuraini', '085700112233', 'Pengatur Perjalanan KA (PPKA)', 'P001');
INSERT INTO PENGELOLA (NIKPerson, IdPengelola, NamaPengelola, KontakPengelola, PosisiPengelola, IdPenyedia) VALUES ('3372000000000108', 'PGL009', 'Ikhsan Setiawan', '081833445566', 'Sopir Bus', 'P005');
INSERT INTO PENGELOLA (NIKPerson, IdPengelola, NamaPengelola, KontakPengelola, PosisiPengelola, IdPenyedia) VALUES ('3372000000000109', 'PGL010', 'Julia Permata', '089677889900', 'Awak Kapal (Mualim II)', 'P026');
INSERT INTO PENGELOLA (NIKPerson, IdPengelola, NamaPengelola, KontakPengelola, PosisiPengelola, IdPenyedia) VALUES ('3372000000000110', 'PGL011', 'Kevin Pratama', '081366778899', 'Mekanik Pesawat', 'P030');
INSERT INTO PENGELOLA (NIKPerson, IdPengelola, NamaPengelola, KontakPengelola, PosisiPengelola, IdPenyedia) VALUES ('3372000000000111', 'PGL012', 'Laila Sari', '087722110099', 'Customer Service on Station (CSOS)', 'P002');
INSERT INTO PENGELOLA (NIKPerson, IdPengelola, NamaPengelola, KontakPengelola, PosisiPengelola, IdPenyedia) VALUES ('3372000000000112', 'PGL013', 'M. Ridwan', '085344332211', 'Driver Taksi Online', 'P016');
INSERT INTO PENGELOLA (NIKPerson, IdPengelola, NamaPengelola, KontakPengelola, PosisiPengelola, IdPenyedia) VALUES ('3372000000000113', 'PGL014', 'Nita Wulandari', '081200998877', 'Petugas Tiketing Travel', 'P022');
INSERT INTO PENGELOLA (NIKPerson, IdPengelola, NamaPengelola, KontakPengelola, PosisiPengelola, IdPenyedia) VALUES ('3372000000000114', 'PGL015', 'Omar Syarief', '081911002233', 'Teknisi Kereta Api', 'P001');
INSERT INTO PENGELOLA (NIKPerson, IdPengelola, NamaPengelola, KontakPengelola, PosisiPengelola, IdPenyedia) VALUES ('3372000000000115', 'PGL016', 'Putri Maharani', '087855443322', 'Staff Passenger Service Bandara', 'P027');
INSERT INTO PENGELOLA (NIKPerson, IdPengelola, NamaPengelola, KontakPengelola, PosisiPengelola, IdPenyedia) VALUES ('3372000000000116', 'PGL017', 'Qori Abdi', '085277665544', 'Syahbandar', 'P025');
INSERT INTO PENGELOLA (NIKPerson, IdPengelola, NamaPengelola, KontakPengelola, PosisiPengelola, IdPenyedia) VALUES ('3372000000000117', 'PGL018', 'Rina Lestari', '081111223344', 'Flight Dispatcher', 'P028');
INSERT INTO PENGELOLA (NIKPerson, IdPengelola, NamaPengelola, KontakPengelola, PosisiPengelola, IdPenyedia) VALUES ('3372000000000118', 'PGL019', 'Surya Aditya', '082188776655', 'Petugas Keamanan Terminal Bus', 'P011');
INSERT INTO PENGELOLA (NIKPerson, IdPengelola, NamaPengelola, KontakPengelola, PosisiPengelola, IdPenyedia) VALUES ('3372000000000119', 'PGL020', 'Tania Safitri', '085733221100', 'Juru Mudi Kapal', 'P026');
INSERT INTO PENGELOLA (NIKPerson, IdPengelola, NamaPengelola, KontakPengelola, PosisiPengelola, IdPenyedia) VALUES ('3372000000000120', 'PGL021', 'Umar Hadi', '081866554433', 'Pilot Ojek Online', 'P019');
INSERT INTO PENGELOLA (NIKPerson, IdPengelola, NamaPengelola, KontakPengelola, PosisiPengelola, IdPenyedia) VALUES ('3372000000000121', 'PGL022', 'Vivi Lestari', '089611223344', 'Kepala Stasiun', 'P001');
INSERT INTO PENGELOLA (NIKPerson, IdPengelola, NamaPengelola, KontakPengelola, PosisiPengelola, IdPenyedia) VALUES ('3372000000000122', 'PGL023', 'Wahyu Kusuma', '081300998877', 'Petugas Ground Handling Bandara', 'P027');
INSERT INTO PENGELOLA (NIKPerson, IdPengelola, NamaPengelola, KontakPengelola, PosisiPengelola, IdPenyedia) VALUES ('3372000000000123', 'PGL024', 'Xena Wijaya', '087744332211', 'Kondektur Bus', 'P006');
INSERT INTO PENGELOLA (NIKPerson, IdPengelola, NamaPengelola, KontakPengelola, PosisiPengelola, IdPenyedia) VALUES ('3372000000000124', 'PGL025', 'Yuni Kartika', '085399887766', 'Kepala Kamar Mesin Kapal', 'P025');
INSERT INTO PENGELOLA (NIKPerson, IdPengelola, NamaPengelola, KontakPengelola, PosisiPengelola, IdPenyedia) VALUES ('3372000000000125', 'PGL026', 'Zaki Alfarizi', '081255667788', 'Staff Tiketing Kereta Api', 'P002');
INSERT INTO PENGELOLA (NIKPerson, IdPengelola, NamaPengelola, KontakPengelola, PosisiPengelola, IdPenyedia) VALUES ('3372000000000126', 'PGL027', 'Arini Putri', '081922334455', 'Pramugara Pesawat', 'P029');
INSERT INTO PENGELOLA (NIKPerson, IdPengelola, NamaPengelola, KontakPengelola, PosisiPengelola, IdPenyedia) VALUES ('3372000000000127', 'PGL028', 'Bayu Samudra', '087866778899', 'Customer Service Maskapai', 'P028');
INSERT INTO PENGELOLA (NIKPerson, IdPengelola, NamaPengelola, KontakPengelola, PosisiPengelola, IdPenyedia) VALUES ('3372000000000128', 'PGL029', 'Citra Dewi', '085200112233', 'Tour Leader Travel', 'P023');
INSERT INTO PENGELOLA (NIKPerson, IdPengelola, NamaPengelola, KontakPengelola, PosisiPengelola, IdPenyedia) VALUES ('3372000000000129', 'PGL030', 'Danang Kusumo', '081133445566', 'Masinis Kereta Api', 'P001');
INSERT INTO PENGELOLA (NIKPerson, IdPengelola, NamaPengelola, KontakPengelola, PosisiPengelola, IdPenyedia) VALUES ('3372000000000130', 'PGL031', 'Eliza Sari', '082199001122', 'Petugas Kebersihan Bandara', 'P027');
INSERT INTO PENGELOLA (NIKPerson, IdPengelola, NamaPengelola, KontakPengelola, PosisiPengelola, IdPenyedia) VALUES ('3372000000000131', 'PGL032', 'Faisal Akbar', '085777889900', 'Co-Pilot Pesawat', 'P030');
INSERT INTO PENGELOLA (NIKPerson, IdPengelola, NamaPengelola, KontakPengelola, PosisiPengelola, IdPenyedia) VALUES ('3372000000000132', 'PGL033', 'Gita Pratiwi', '081844556677', 'Polsuska', 'P001');
INSERT INTO PENGELOLA (NIKPerson, IdPengelola, NamaPengelola, KontakPengelola, PosisiPengelola, IdPenyedia) VALUES ('3372000000000133', 'PGL034', 'Harun Yahya', '089600112233', 'Pengawas Armada Bus', 'P034');
INSERT INTO PENGELOLA (NIKPerson, IdPengelola, NamaPengelola, KontakPengelola, PosisiPengelola, IdPenyedia) VALUES ('3372000000000134', 'PGL035', 'Indah Kumala', '081355667788', 'Staf Operasional Pelabuhan', 'P026');
INSERT INTO PENGELOLA (NIKPerson, IdPengelola, NamaPengelola, KontakPengelola, PosisiPengelola, IdPenyedia) VALUES ('3372000000000135', 'PGL036', 'Joko Susilo', '087799887766', 'Petugas Boarding Kereta', 'P002');
INSERT INTO PENGELOLA (NIKPerson, IdPengelola, NamaPengelola, KontakPengelola, PosisiPengelola, IdPenyedia) VALUES ('3372000000000136', 'PGL037', 'Karina Dewi', '085311223344', 'Staf Admin Travel', 'P024');
INSERT INTO PENGELOLA (NIKPerson, IdPengelola, NamaPengelola, KontakPengelola, PosisiPengelola, IdPenyedia) VALUES ('3372000000000137', 'PGL038', 'Leo Putra', '081277889900', 'Mekanik Bus', 'P007');
INSERT INTO PENGELOLA (NIKPerson, IdPengelola, NamaPengelola, KontakPengelola, PosisiPengelola, IdPenyedia) VALUES ('3372000000000138', 'PGL039', 'Maya Safira', '081933445566', 'Petugas Avsec', 'P027');
INSERT INTO PENGELOLA (NIKPerson, IdPengelola, NamaPengelola, KontakPengelola, PosisiPengelola, IdPenyedia) VALUES ('3372000000000139', 'PGL040', 'Nanda Pratama', '087800998877', 'Juru Minyak Kapal', 'P025');
INSERT INTO PENGELOLA (NIKPerson, IdPengelola, NamaPengelola, KontakPengelola, PosisiPengelola, IdPenyedia) VALUES ('3372000000000140', 'PGL041', 'Olivia Zahra', '085266778899', 'Customer Service Ojol', 'P019');
INSERT INTO PENGELOLA (NIKPerson, IdPengelola, NamaPengelola, KontakPengelola, PosisiPengelola, IdPenyedia) VALUES ('3372000000000141', 'PGL042', 'Pasha Ramadhani', '081122334455', 'Head of Flight Operations', 'P028');
INSERT INTO PENGELOLA (NIKPerson, IdPengelola, NamaPengelola, KontakPengelola, PosisiPengelola, IdPenyedia) VALUES ('3372000000000142', 'PGL043', 'Rizky Pratama', '082155667788', 'Pengawas Lapangan Stasiun', 'P001');
INSERT INTO PENGELOLA (NIKPerson, IdPengelola, NamaPengelola, KontakPengelola, PosisiPengelola, IdPenyedia) VALUES ('3372000000000143', 'PGL044', 'Sari Indah', '085788990011', 'Petugas Keamanan Pelabuhan', 'P026');
INSERT INTO PENGELOLA (NIKPerson, IdPengelola, NamaPengelola, KontakPengelola, PosisiPengelola, IdPenyedia) VALUES ('3372000000000144', 'PGL045', 'Taufik Hidayat', '081811223344', 'Chief Engineer Kapal', 'P025');
INSERT INTO PENGELOLA (NIKPerson, IdPengelola, NamaPengelola, KontakPengelola, PosisiPengelola, IdPenyedia) VALUES ('3372000000000145', 'PGL046', 'Umiyati', '089644556677', 'Staff Ticketing Bus', 'P008');
INSERT INTO PENGELOLA (NIKPerson, IdPengelola, NamaPengelola, KontakPengelola, PosisiPengelola, IdPenyedia) VALUES ('3372000000000146', 'PGL047', 'Vicky Rachman', '081377889900', 'Flight Attendant (Senior)', 'P029');
INSERT INTO PENGELOLA (NIKPerson, IdPengelola, NamaPengelola, KontakPengelola, PosisiPengelola, IdPenyedia) VALUES ('3372000000000147', 'PGL048', 'Wulan Fitri', '087700112233', 'Koordinator Tour', 'P022');
INSERT INTO PENGELOLA (NIKPerson, IdPengelola, NamaPengelola, KontakPengelola, PosisiPengelola, IdPenyedia) VALUES ('3372000000000148', 'PGL049', 'Xaverius', '085322334455', 'Manager Operasional Kereta', 'P001');
INSERT INTO PENGELOLA (NIKPerson, IdPengelola, NamaPengelola, KontakPengelola, PosisiPengelola, IdPenyedia) VALUES ('3372000000000149', 'PGL050', 'Yolanda Amara', '081299001122', 'Staff Ticketing Maskapai', 'P030');
INSERT INTO PENGELOLA (NIKPerson, IdPengelola, NamaPengelola, KontakPengelola, PosisiPengelola, IdPenyedia) VALUES ('3372000000000150', 'PGL051', 'Adam Kurniawan', '081955667788', 'Petugas Lalu Lintas Udara (ATC)', 'P027');
INSERT INTO PENGELOLA (NIKPerson, IdPengelola, NamaPengelola, KontakPengelola, PosisiPengelola, IdPenyedia) VALUES ('3372000000000151', 'PGL052', 'Bella Putri', '087811223344', 'Petugas Ticketing Pelabuhan', 'P026');
INSERT INTO PENGELOLA (NIKPerson, IdPengelola, NamaPengelola, KontakPengelola, PosisiPengelola, IdPenyedia) VALUES ('3372000000000152', 'PGL053', 'Cakra Buana', '085233445566', 'Teknisi IT Transportasi', 'P018');
INSERT INTO PENGELOLA (NIKPerson, IdPengelola, NamaPengelola, KontakPengelola, PosisiPengelola, IdPenyedia) VALUES ('3372000000000153', 'PGL054', 'Diah Ayu', '081199887766', 'Petugas Pemandu Kapal', 'P025');
INSERT INTO PENGELOLA (NIKPerson, IdPengelola, NamaPengelola, KontakPengelola, PosisiPengelola, IdPenyedia) VALUES ('3372000000000154', 'PGL055', 'Edo Santoso', '082144556677', 'Staf Perekrutan Driver Ojol', 'P019');
INSERT INTO PENGELOLA (NIKPerson, IdPengelola, NamaPengelola, KontakPengelola, PosisiPengelola, IdPenyedia) VALUES ('3372000000000155', 'PGL056', 'Farah Dina', '085700112233', 'Petugas Kebersihan Kereta', 'P002');
INSERT INTO PENGELOLA (NIKPerson, IdPengelola, NamaPengelola, KontakPengelola, PosisiPengelola, IdPenyedia) VALUES ('3372000000000156', 'PGL057', 'Gilang Pratama', '081833445566', 'Koordinator Armada Bus', 'P009');
INSERT INTO PENGELOLA (NIKPerson, IdPengelola, NamaPengelola, KontakPengelola, PosisiPengelola, IdPenyedia) VALUES ('3372000000000157', 'PGL058', 'Hani Aprilia', '089677889900', 'Staf Keuangan Perusahaan Transportasi', 'P034');
INSERT INTO PENGELOLA (NIKPerson, IdPengelola, NamaPengelola, KontakPengelola, PosisiPengelola, IdPenyedia) VALUES ('3372000000000159', 'PGL059', 'Budi Santoso', '081234567890', 'Petugas Stasiun MRT', 'P003');
INSERT INTO PENGELOLA (NIKPerson, IdPengelola, NamaPengelola, KontakPengelola, PosisiPengelola, IdPenyedia) VALUES ('3372000000000160', 'PGL060', 'Cici Indah', '081345678901', 'Staff Operasional Jakpro', 'P004');
INSERT INTO PENGELOLA (NIKPerson, IdPengelola, NamaPengelola, KontakPengelola, PosisiPengelola, IdPenyedia) VALUES ('3372000000000161', 'PGL061', 'Dodi Kurniawan', '087856789012', 'Pengawas Armada Bus Budiman', 'P010');
INSERT INTO PENGELOLA (NIKPerson, IdPengelola, NamaPengelola, KontakPengelola, PosisiPengelola, IdPenyedia) VALUES ('3372000000000162', 'PGL062', 'Evi Susanti', '085267890123', 'Petugas Ticketing Bus AMI', 'P012');
INSERT INTO PENGELOLA (NIKPerson, IdPengelola, NamaPengelola, KontakPengelola, PosisiPengelola, IdPenyedia) VALUES ('3372000000000163', 'PGL063', 'Fahmi Rachman', '081178901234', 'Staf Administrasi Dishub Surabaya', 'P013');
INSERT INTO PENGELOLA (NIKPerson, IdPengelola, NamaPengelola, KontakPengelola, PosisiPengelola, IdPenyedia) VALUES ('3372000000000164', 'PGL064', 'Gita Wijaya', '082189012345', 'Petugas Pengawas BRT Semarang', 'P014');
INSERT INTO PENGELOLA (NIKPerson, IdPengelola, NamaPengelola, KontakPengelola, PosisiPengelola, IdPenyedia) VALUES ('3372000000000165', 'PGL065', 'Harry Setiawan', '085790123456', 'Pengemudi Angkot/Mikrolet', 'P015');
INSERT INTO PENGELOLA (NIKPerson, IdPengelola, NamaPengelola, KontakPengelola, PosisiPengelola, IdPenyedia) VALUES ('3372000000000166', 'PGL066', 'Intan Permata', '081801234567', 'Koordinator Taksi Express', 'P017');
INSERT INTO PENGELOLA (NIKPerson, IdPengelola, NamaPengelola, KontakPengelola, PosisiPengelola, IdPenyedia) VALUES ('3372000000000167', 'PGL067', 'Joko Purnomo', '089612345678', 'Supervisor Driver Online Maxim', 'P020');
INSERT INTO PENGELOLA (NIKPerson, IdPengelola, NamaPengelola, KontakPengelola, PosisiPengelola, IdPenyedia) VALUES ('3372000000000168', 'PGL068', 'Kiki Andriani', '081323456789', 'Recruitment Staff Driver Online InDrive', 'P021');
INSERT INTO PENGELOLA (NIKPerson, IdPengelola, NamaPengelola, KontakPengelola, PosisiPengelola, IdPenyedia) VALUES ('3372000000000169', 'PGL069', 'Lucky Pratama', '087734567890', 'Supervisor PO Haryanto', 'P031');
INSERT INTO PENGELOLA (NIKPerson, IdPengelola, NamaPengelola, KontakPengelola, PosisiPengelola, IdPenyedia) VALUES ('3372000000000170', 'PGL070', 'Mira Zahra', '085345678901', 'Pengawas Lapangan Bus Mayasari Bakti', 'P032');
INSERT INTO PENGELOLA (NIKPerson, IdPengelola, NamaPengelola, KontakPengelola, PosisiPengelola, IdPenyedia) VALUES ('3372000000000171', 'PGL071', 'Nova Sari', '081256789012', 'Kepala Divisi Operasional Hiba Group', 'P033');
INSERT INTO PENGELOLA (NIKPerson, IdPengelola, NamaPengelola, KontakPengelola, PosisiPengelola, IdPenyedia) VALUES ('3372000000000172', 'PGL072', 'Olga Wijoyo', '081967890123', 'Staf Operasional Bus TRON Bogor', 'P035');
INSERT INTO PENGELOLA (NIKPerson, IdPengelola, NamaPengelola, KontakPengelola, PosisiPengelola, IdPenyedia) VALUES ('3372000000000173', 'PGL073', 'Putra Abadi', '087878901234', 'Koordinator Bus Kota (Operator Lokal)', 'P036');
INSERT INTO PENGELOLA (NIKPerson, IdPengelola, NamaPengelola, KontakPengelola, PosisiPengelola, IdPenyedia) VALUES ('3372000000000174', 'PGL074', 'Rima Dewi', '085289012345', 'Tour Guide Kereta Wisata', 'P037');
INSERT INTO PENGELOLA (NIKPerson, IdPengelola, NamaPengelola, KontakPengelola, PosisiPengelola, IdPenyedia) VALUES ('3372000000000175', 'PGL075', 'Siska Amelia', '081190123456', 'Petugas Loket Angkutan Umum Swasta', 'P038');
INSERT INTO PENGELOLA (NIKPerson, IdPengelola, NamaPengelola, KontakPengelola, PosisiPengelola, IdPenyedia) VALUES ('3372000000000176', 'PGL076', 'Teguh Wicaksono', '082101234567', 'Petugas Dermaga Angkutan Sungai', 'P039');
INSERT INTO PENGELOLA (NIKPerson, IdPengelola, NamaPengelola, KontakPengelola, PosisiPengelola, IdPenyedia) VALUES ('3372000000000177', 'PGL077', 'Umi Nurjanah', '085712345678', 'Teknisi Pesawat Pelita Air', 'P040');
INSERT INTO PENGELOLA (NIKPerson, IdPengelola, NamaPengelola, KontakPengelola, PosisiPengelola, IdPenyedia) VALUES ('3372000000000178', 'PGL078', 'Vino Ardian', '081823456789', 'Staff Operasional Penerbangan TransNusa', 'P041');
INSERT INTO PENGELOLA (NIKPerson, IdPengelola, NamaPengelola, KontakPengelola, PosisiPengelola, IdPenyedia) VALUES ('3372000000000179', 'PGL079', 'Wati Rahayu', '089634567890', 'Pengawas Armada PPD', 'P042');
INSERT INTO PENGELOLA (NIKPerson, IdPengelola, NamaPengelola, KontakPengelola, PosisiPengelola, IdPenyedia) VALUES ('3372000000000180', 'PGL080', 'Xavier Pratama', '081345678901', 'Sopir Taksi Morante', 'P043');
INSERT INTO PENGELOLA (NIKPerson, IdPengelola, NamaPengelola, KontakPengelola, PosisiPengelola, IdPenyedia) VALUES ('3372000000000181', 'PGL081', 'Yuni Lestari', '087756789012', 'Customer Service President Taxi', 'P044');
INSERT INTO PENGELOLA (NIKPerson, IdPengelola, NamaPengelola, KontakPengelola, PosisiPengelola, IdPenyedia) VALUES ('3372000000000182', 'PGL082', 'Zainal Arifin', '085367890123', 'Petugas Informasi Stasiun KRL (P045)', 'P045');
INSERT INTO PENGELOLA (NIKPerson, IdPengelola, NamaPengelola, KontakPengelola, PosisiPengelola, IdPenyedia) VALUES ('3372000000000183', 'PGL083', 'Aldo Saputra', '081278901234', 'Manajer Operasional Bus Swasta', 'P046');
INSERT INTO PENGELOLA (NIKPerson, IdPengelola, NamaPengelola, KontakPengelola, PosisiPengelola, IdPenyedia) VALUES ('3372000000000184', 'PGL085', 'Bella Permata', '081989012345', 'Staf Arsip Transportasi Era Lama', 'P047');
INSERT INTO PENGELOLA (NIKPerson, IdPengelola, NamaPengelola, KontakPengelola, PosisiPengelola, IdPenyedia) VALUES ('3372000000000185', 'PGL086', 'Cindy Laura', '087890123456', 'Ground Staff Bandara Mandala Airlines', 'P048');

-- PERUSAHAAN_ASURANSI
INSERT INTO PERUSAHAAN_ASURANSI (IdPerusahaan, NamaPerusahaan, JenisAsuransi) VALUES
('PA1001', 'MNC Insurance, PT Mitra Jasa Pratama', 'Asuransi Pembatalan Tiket'),
('PA1002', 'Allianz Utama Indonesia', 'Asuransi Armada (KRL), Asuransi Tanggung Gugat Penumpang, Asuransi Aset'),
('PA1003', 'AXA Mandiri Financial Services', 'Asuransi Armada (Kereta MRT), Asuransi Tanggung Gugat Penumpang & Pihak Ketiga, Asuransi Aset & Infrastruktur'),
('PA1004', 'Manulife Indonesia', 'Asuransi Properti, Konstruksi, Tanggung Gugat (terkait proyek-proyeknya termasuk yang terkait transportasi seperti LRT)'),
('PA1005', 'Asuransi Astra', 'Asuransi Kendaraan Bermotor (Bus), Asuransi Kecelakaan Diri Penumpang, Asuransi Tanggung Gugat Pihak Ketiga'),
('PA1006', 'Sequislife', 'Asuransi Kendaraan Bermotor (Bus), Asuransi Kecelakaan Diri Penumpang, Asuransi Tanggung Gugat Pihak Ketiga'),
('PA1007', 'Sinarmas MSIG Life', 'Asuransi Kendaraan Bermotor (Bus), Asuransi Kecelakaan Diri Penumpang, Asuransi Tanggung Gugat Pihak Ketiga'),
('PA1008', 'Cigna Indonesia', 'Asuransi Kendaraan Bermotor (Bus), Asuransi Kecelakaan Diri Penumpang, Asuransi Tanggung Gugat Pihak Ketiga'),
('PA1009', 'Asuransi Jiwa Generali Indonesia', 'Asuransi Kendaraan Bermotor (Bus), Asuransi Kecelakaan Diri Penumpang, Asuransi Tanggung Gugat Pihak Ketiga'),
('PA1010', 'Great Eastern Life Indonesia', 'Asuransi Kendaraan Bermotor (Bus), Asuransi Kecelakaan Diri Penumpang, Asuransi Tanggung Gugat Pihak Ketiga'),
('PA1011', 'Tokio Marine Life Insurance Indonesia', 'Asuransi Armada (Bus TransJakarta), Asuransi Tanggung Gugat Penumpang, Asuransi Aset'),
('PA1012', 'Equity Life Indonesia', 'Asuransi Armada (Trans Metro Bandung), Asuransi Tanggung Gugat Penumpang'),
('PA1013', 'PT Jasa Raharja', 'Asuransi Aset (kendaraan, infrastruktur), Asuransi Tanggung Gugat (untuk operasional)'),
('PA1014', 'BPJS Ketenagakerjaan', 'Asuransi Armada (Bus Trans Semarang), Asuransi Tanggung Gugat Penumpang'),
('PA1015', 'Tugu Insurance', 'Asuransi Kendaraan Bermotor Wajib (Jasa Raharja), Asuransi Tambahan (jika ada)'),
('PA1016', 'Avrist Assurance, Astra Life', 'Perlindungan Kecelakaan Pelanggan, Asuransi Jiwa/Kecelakaan Diri Pengemudi'),
('PA1017', 'Mega Life', 'Asuransi Armada (taksi), Asuransi Kecelakaan Diri Pengemudi, Asuransi Tanggung Gugat Pihak Ketiga'),
('PA1018', 'PasarPolis', 'Asuransi Perjalanan (Penumpang), Asuransi Mitra Driver, Produk Asuransi Digital Lainnya'),
('PA1019', 'PasarPolis', 'Asuransi Perjalanan (Penumpang), Asuransi Mitra Driver, Produk Asuransi Digital Lainnya'),
('PA1020', 'AIA Financial', 'Asuransi Mitra Driver, Asuransi Perjalanan (tergantung kebijakan lokal)'),
('PA1021', 'Bumiputera 1912', 'Asuransi Mitra Driver, Asuransi Perjalanan (tergantung kebijakan lokal)'),
('PA1022', 'Reliance Life', 'Asuransi Kendaraan (Shuttle), Asuransi Penumpang'),
('PA1023', 'Asuransi Wahana Tata', 'Asuransi Kendaraan (Shuttle), Asuransi Penumpang'),
('PA1024', 'PT Jasa Raharja', 'Asuransi Kendaraan (Shuttle), Asuransi Penumpang'),
('PA1025', 'Asuransi Astra', 'Asuransi Rangka Kapal & Mesin (Hull & Machinery), Asuransi P&I (Protection & Indemnity) untuk Tanggung Gugat, Asuransi Kargo, Asuransi Penumpang & Awak Kapal'),
('PA1026', 'Adira Insurance', 'Asuransi Rangka Kapal & Mesin (Feri), Asuransi P&I, Asuransi Kendaraan (di dalam Feri), Asuransi Penumpang & Awak Kapal'),
('PA1027', 'Allianz Utama Indonesia', 'Asuransi Perjalanan (Garuda TravelPro)'),
('PA1028', 'Sompo Insurance Indonesia', 'Asuransi Pesawat (Aviation Hull & Liability), Asuransi Penumpang & Awak Pesawat'),
('PA1029', 'MSIG Indonesia', 'Asuransi Pesawat (Aviation Hull & Liability), Asuransi Penumpang & Awak Pesawat'),
('PA1030', 'Zurich Topas Life', 'Asuransi Pesawat (Aviation Hull & Liability), Asuransi Penumpang & Awak Pesawat'),
('PA1031', 'Capital Life', 'Asuransi Kendaraan Bermotor (Bus), Asuransi Kecelakaan Diri Penumpang, Asuransi Tanggung Gugat Pihak Ketiga'),
('PA1032', 'Indolife Pensiontama', 'Asuransi Kendaraan Bermotor (Bus), Asuransi Kecelakaan Diri Penumpang, Asuransi Tanggung Gugat Pihak Ketiga'),
('PA1033', 'Hana Life', 'Asuransi Kendaraan Bermotor (Bus, Truk, Taksi), Asuransi Penumpang, Asuransi Logistik'),
('PA1034', 'FWD Life Indonesia', 'Asuransi Kendaraan Bermotor (Bus), Asuransi Kecelakaan Diri Penumpang, Asuransi Tanggung Gugat Pihak Ketiga'),
('PA1035', 'Panin Dai-ichi Life', 'Asuransi Kendaraan Bermotor (Bus), Asuransi Tanggung Gugat Penumpang'),
('PA1036', 'Prudential Indonesia', 'Asuransi Kendaraan Bermotor (Wajib), Asuransi Tambahan (opsional)'),
('PA1037', 'Allianz Life Indonesia', 'Asuransi Kereta Api, Asuransi Tanggung Gugat Penumpang'),
('PA1038', 'PasarPolis', 'Asuransi Perjalanan (Penumpang), Asuransi Mitra Driver'),
('PA1039', 'PasarPolis', 'Asuransi Perjalanan (Penumpang), Asuransi Mitra Driver'),
('PA1040', 'Avrist Assurance, Astra Life', 'Perlindungan Kecelakaan Pelanggan, Asuransi Jiwa/Kecelakaan Diri Pengemudi'),
('PA1041', 'Generali Indonesia', 'Asuransi Kendaraan Bermotor, Asuransi Penumpang'),
('PA1042', 'Sun Life Financial Indonesia', 'Asuransi Kendaraan Bermotor Wajib (Jasa Raharja), Asuransi Tambahan (jika ada)'),
('PA1043', 'Sequis Financial', 'Asuransi Pesawat (Aviation Hull & Liability), Asuransi Penumpang & Awak Pesawat'),
('PA1044', 'Intra Asia Life', 'Asuransi Pesawat (Aviation Hull & Liability), Asuransi Penumpang & Awak Pesawat'),
('PA1045', 'Victoria Insurance', 'Asuransi Kendaraan Bermotor (Bus), Asuransi Kecelakaan Diri Penumpang, Asuransi Tanggung Gugat Pihak Ketiga'),
('PA1046', 'Asuransi Kredit Indonesia', 'Asuransi Kendaraan Bermotor (Bus), Asuransi Kecelakaan Diri Penumpang, Asuransi Tanggung Gugat Pihak Ketiga'),
('PA1047', 'Jaminan Kredit Indonesia', 'Asuransi Armada (taksi), Asuransi Kecelakaan Diri Pengemudi, Asuransi Tanggung Gugat Pihak Ketiga'),
('PA1048', 'Asuransi Umum BCA', 'Asuransi Kendaraan Bermotor (Bus), Asuransi Kecelakaan Diri Penumpang, Asuransi Tanggung Gugat Pihak Ketiga'),
('PA1049', 'Asuransi Jasindo', 'Jenis asuransi relevan saat mereka beroperasi'),
('PA1050', 'Asuransi Central Asia', 'Asuransi Pesawat (Aviation Hull & Liability), Asuransi Penumpang & Awak Pesawat (saat beroperasi)'),
('PA1051', 'Mandiri Inhealth', 'Asuransi Pesawat (Aviation Hull & Liability), Asuransi Penumpang & Awak Pesawat (saat beroperasi)');

-- KENDARAAN
INSERT INTO KENDARAAN (IdKendaraan, NamaKendaraan, StatusOperasional, IdPenyedia, IdPengelola) VALUES ('K01', 'Kereta Api Jarak Jauh/Menengah', 'Aktif', 'P003', 'PGL003');
INSERT INTO KENDARAAN (IdKendaraan, NamaKendaraan, StatusOperasional, IdPenyedia, IdPengelola) VALUES ('K02', 'Kereta Rel Listrik (KRL) Commuter Line', 'Aktif', 'P028', 'PGL002');
INSERT INTO KENDARAAN (IdKendaraan, NamaKendaraan, StatusOperasional, IdPenyedia, IdPengelola) VALUES ('K03', 'Mass Rapid Transit (MRT)', 'Aktif', 'P003', 'PGL003');
INSERT INTO KENDARAAN (IdKendaraan, NamaKendaraan, StatusOperasional, IdPenyedia, IdPengelola) VALUES ('K04', 'Light Rail Transit (LRT) Jakarta', 'Aktif', 'P011', 'PGL004');
INSERT INTO KENDARAAN (IdKendaraan, NamaKendaraan, StatusOperasional, IdPenyedia, IdPengelola) VALUES ('K05', 'Light Rail Transit (LRT) Palembang', 'Aktif', 'P003', 'PGL003');
INSERT INTO KENDARAAN (IdKendaraan, NamaKendaraan, StatusOperasional, IdPenyedia, IdPengelola) VALUES ('K06', 'Light Rail Transit (LRT) Jabodebek', 'Aktif', 'P003', 'PGL003');
INSERT INTO KENDARAAN (IdKendaraan, NamaKendaraan, StatusOperasional, IdPenyedia, IdPengelola) VALUES ('K07', 'Bus Antarkota Antarprovinsi (AKAP)', 'Aktif', 'P005', 'PGL009');
INSERT INTO KENDARAAN (IdKendaraan, NamaKendaraan, StatusOperasional, IdPenyedia, IdPengelola) VALUES ('K08', 'Bus Antarkota Antarprovinsi (AKAP)', 'Aktif', 'P018', 'PGL006');
INSERT INTO KENDARAAN (IdKendaraan, NamaKendaraan, StatusOperasional, IdPenyedia, IdPengelola) VALUES ('K09', 'Bus Antarkota Antarprovinsi (AKAP)', 'Aktif', 'P029', 'PGL007');
INSERT INTO KENDARAAN (IdKendaraan, NamaKendaraan, StatusOperasional, IdPenyedia, IdPengelola) VALUES ('K10', 'Bus Antarkota Antarprovinsi (AKAP)', 'Aktif', 'P001', 'PGL008');
INSERT INTO KENDARAAN (IdKendaraan, NamaKendaraan, StatusOperasional, IdPenyedia, IdPengelola) VALUES ('K11', 'Bus Antarkota Antarprovinsi (AKAP)', 'Aktif', 'P005', 'PGL009');
INSERT INTO KENDARAAN (IdKendaraan, NamaKendaraan, StatusOperasional, IdPenyedia, IdPengelola) VALUES ('K12', 'Bus Antarkota Antarprovinsi (AKAP)', 'Aktif', 'P026', 'PGL010');
INSERT INTO KENDARAAN (IdKendaraan, NamaKendaraan, StatusOperasional, IdPenyedia, IdPengelola) VALUES ('K13', 'Bus Kota TransJakarta', 'Aktif', 'P011', 'PGL004');
INSERT INTO KENDARAAN (IdKendaraan, NamaKendaraan, StatusOperasional, IdPenyedia, IdPengelola) VALUES ('K14', 'Bus Kota Trans Jogja', 'Aktif', 'P002', 'PGL012');
INSERT INTO KENDARAAN (IdKendaraan, NamaKendaraan, StatusOperasional, IdPenyedia, IdPengelola) VALUES ('K15', 'Bus Kota Suroboyo Bus', 'Aktif', 'P016', 'PGL013');
INSERT INTO KENDARAAN (IdKendaraan, NamaKendaraan, StatusOperasional, IdPenyedia, IdPengelola) VALUES ('K16', 'Bus Kota Trans Semarang', 'Aktif', 'P022', 'PGL014');
INSERT INTO KENDARAAN (IdKendaraan, NamaKendaraan, StatusOperasional, IdPenyedia, IdPengelola) VALUES ('K17', 'Angkutan Kota (Angkot/Mikrolet)', 'Aktif', 'P001', 'PGL015');
INSERT INTO KENDARAAN (IdKendaraan, NamaKendaraan, StatusOperasional, IdPenyedia, IdPengelola) VALUES ('K18', 'Taksi Konvensional', 'Aktif', 'P002', 'PGL012');
INSERT INTO KENDARAAN (IdKendaraan, NamaKendaraan, StatusOperasional, IdPenyedia, IdPengelola) VALUES ('K19', 'Taksi Konvensional', 'Aktif', 'P025', 'PGL017');
INSERT INTO KENDARAAN (IdKendaraan, NamaKendaraan, StatusOperasional, IdPenyedia, IdPengelola) VALUES ('K20', 'Taksi Online', 'Aktif', 'P018', 'PGL006');
INSERT INTO KENDARAAN (IdKendaraan, NamaKendaraan, StatusOperasional, IdPenyedia, IdPengelola) VALUES ('K21', 'Taksi Online', 'Aktif', 'P011', 'PGL019');
INSERT INTO KENDARAAN (IdKendaraan, NamaKendaraan, StatusOperasional, IdPenyedia, IdPengelola) VALUES ('K22', 'Taksi Online', 'Aktif', 'P026', 'PGL020');
INSERT INTO KENDARAAN (IdKendaraan, NamaKendaraan, StatusOperasional, IdPenyedia, IdPengelola) VALUES ('K23', 'Taksi Online', 'Aktif', 'P019', 'PGL021');
INSERT INTO KENDARAAN (IdKendaraan, NamaKendaraan, StatusOperasional, IdPenyedia, IdPengelola) VALUES ('K24', 'Ojek Online', 'Aktif', 'P028', 'PGL018');
INSERT INTO KENDARAAN (IdKendaraan, NamaKendaraan, StatusOperasional, IdPenyedia, IdPengelola) VALUES ('K25', 'Ojek Online', 'Aktif', 'P011', 'PGL019');
INSERT INTO KENDARAAN (IdKendaraan, NamaKendaraan, StatusOperasional, IdPenyedia, IdPengelola) VALUES ('K26', 'Ojek Online', 'Aktif', 'P026', 'PGL020');
INSERT INTO KENDARAAN (IdKendaraan, NamaKendaraan, StatusOperasional, IdPenyedia, IdPengelola) VALUES ('K27', 'Ojek Online', 'Aktif', 'P019', 'PGL021');
INSERT INTO KENDARAAN (IdKendaraan, NamaKendaraan, StatusOperasional, IdPenyedia, IdPengelola) VALUES ('K28', 'Travel (Bus/Minibus Shuttle)', 'Aktif', 'P022', 'PGL014');
INSERT INTO KENDARAAN (IdKendaraan, NamaKendaraan, StatusOperasional, IdPenyedia, IdPengelola) VALUES ('K29', 'Travel (Bus/Minibus Shuttle)', 'Aktif', 'P027', 'PGL023');
INSERT INTO KENDARAAN (IdKendaraan, NamaKendaraan, StatusOperasional, IdPenyedia, IdPengelola) VALUES ('K30', 'Travel (Bus/Minibus Shuttle)', 'Aktif', 'P006', 'PGL024');
INSERT INTO KENDARAAN (IdKendaraan, NamaKendaraan, StatusOperasional, IdPenyedia, IdPengelola) VALUES ('K31', 'Kapal Penumpang (Pelni)', 'Aktif', 'P025', 'PGL005');
INSERT INTO KENDARAAN (IdKendaraan, NamaKendaraan, StatusOperasional, IdPenyedia, IdPengelola) VALUES ('K32', 'Kapal Feri (ASDP)', 'Aktif', 'P026', 'PGL010');
INSERT INTO KENDARAAN (IdKendaraan, NamaKendaraan, StatusOperasional, IdPenyedia, IdPengelola) VALUES ('K33', 'Pesawat Komersial', 'Aktif', 'P027', 'PGL016');
INSERT INTO KENDARAAN (IdKendaraan, NamaKendaraan, StatusOperasional, IdPenyedia, IdPengelola) VALUES ('K34', 'Pesawat Komersial', 'Aktif', 'P028', 'PGL002');
INSERT INTO KENDARAAN (IdKendaraan, NamaKendaraan, StatusOperasional, IdPenyedia, IdPengelola) VALUES ('K35', 'Pesawat Komersial', 'Aktif', 'P029', 'PGL007');
INSERT INTO KENDARAAN (IdKendaraan, NamaKendaraan, StatusOperasional, IdPenyedia, IdPengelola) VALUES ('K36', 'Pesawat Komersial', 'Aktif', 'P030', 'PGL011');
INSERT INTO KENDARAAN (IdKendaraan, NamaKendaraan, StatusOperasional, IdPenyedia, IdPengelola) VALUES ('K37', 'Bus Antarkota Antarprovinsi (AKAP)', 'Aktif', 'P027', 'PGL031');
INSERT INTO KENDARAAN (IdKendaraan, NamaKendaraan, StatusOperasional, IdPenyedia, IdPengelola) VALUES ('K38', 'Bus Antarkota Antarprovinsi (AKAP)', 'Aktif', 'P030', 'PGL032');
INSERT INTO KENDARAAN (IdKendaraan, NamaKendaraan, StatusOperasional, IdPenyedia, IdPengelola) VALUES ('K39', 'Bus Antarkota Antarprovinsi (AKAP)', 'Aktif', 'P001', 'PGL033');
INSERT INTO KENDARAAN (IdKendaraan, NamaKendaraan, StatusOperasional, IdPenyedia, IdPengelola) VALUES ('K40', 'Bus Antarkota (Perintis/Bandara)', 'Aktif', 'P034', 'PGL034');
INSERT INTO KENDARAAN (IdKendaraan, NamaKendaraan, StatusOperasional, IdPenyedia, IdPengelola) VALUES ('K41', 'Bus Bandara', 'Aktif', 'P034', 'PGL034');
INSERT INTO KENDARAAN (IdKendaraan, NamaKendaraan, StatusOperasional, IdPenyedia, IdPengelola) VALUES ('K42', 'Bus BisKita Trans Pakuan', 'Aktif', 'P026', 'PGL035');
INSERT INTO KENDARAAN (IdKendaraan, NamaKendaraan, StatusOperasional, IdPenyedia, IdPengelola) VALUES ('K43', 'Bus Teman Bus (Denpasar)', 'Aktif', 'P002', 'PGL036');
INSERT INTO KENDARAAN (IdKendaraan, NamaKendaraan, StatusOperasional, IdPenyedia, IdPengelola) VALUES ('K44', 'Kereta Wisata', 'Aktif', 'P024', 'PGL037');
INSERT INTO KENDARAAN (IdKendaraan, NamaKendaraan, StatusOperasional, IdPenyedia, IdPengelola) VALUES ('K45', 'Taksi/Sewa Mobil Online', 'Aktif', 'P018', 'PGL006');
INSERT INTO KENDARAAN (IdKendaraan, NamaKendaraan, StatusOperasional, IdPenyedia, IdPengelola) VALUES ('K46', 'Taksi/Sewa Mobil Online', 'Aktif', 'P011', 'PGL019');
INSERT INTO KENDARAAN (IdKendaraan, NamaKendaraan, StatusOperasional, IdPenyedia, IdPengelola) VALUES ('K47', 'Sewa Mobil (dengan driver)', 'Aktif', 'P002', 'PGL012');
INSERT INTO KENDARAAN (IdKendaraan, NamaKendaraan, StatusOperasional, IdPenyedia, IdPengelola) VALUES ('K48', 'Kapal Cepat/Fast Boat (Wisata)', 'Aktif', 'P007', 'PGL038');
INSERT INTO KENDARAAN (IdKendaraan, NamaKendaraan, StatusOperasional, IdPenyedia, IdPengelola) VALUES ('K49', 'Angkutan Sungai (Lokal)', 'Aktif', 'P027', 'PGL039');
INSERT INTO KENDARAAN (IdKendaraan, NamaKendaraan, StatusOperasional, IdPenyedia, IdPengelola) VALUES ('K50', 'Pesawat Komersial', 'Aktif', 'P025', 'PGL040');
INSERT INTO KENDARAAN (IdKendaraan, NamaKendaraan, StatusOperasional, IdPenyedia, IdPengelola) VALUES ('K51', 'Pesawat Komersial', 'Aktif', 'P019', 'PGL041');
INSERT INTO KENDARAAN (IdKendaraan, NamaKendaraan, StatusOperasional, IdPenyedia, IdPengelola) VALUES ('K52', 'Bus PPD', 'Tidak Aktif', 'P028', 'PGL042');
INSERT INTO KENDARAAN (IdKendaraan, NamaKendaraan, StatusOperasional, IdPenyedia, IdPengelola) VALUES ('K53', 'Taksi Morante', 'Tidak Aktif', 'P001', 'PGL043');
INSERT INTO KENDARAAN (IdKendaraan, NamaKendaraan, StatusOperasional, IdPenyedia, IdPengelola) VALUES ('K54', 'Taksi President', 'Tidak Aktif', 'P026', 'PGL044');
INSERT INTO KENDARAAN (IdKendaraan, NamaKendaraan, StatusOperasional, IdPenyedia, IdPengelola) VALUES ('K55', 'KRL AC Ekonomi', 'Tidak Aktif', 'P025', 'PGL045');
INSERT INTO KENDARAAN (IdKendaraan, NamaKendaraan, StatusOperasional, IdPenyedia, IdPengelola) VALUES ('K56', 'Bus Patas', 'Tidak Aktif', 'P008', 'PGL046');
INSERT INTO KENDARAAN (IdKendaraan, NamaKendaraan, StatusOperasional, IdPenyedia, IdPengelola) VALUES ('K57', 'Kapal Ferry (era lama)', 'Tidak Aktif', 'P029', 'PGL047');
INSERT INTO KENDARAAN (IdKendaraan, NamaKendaraan, StatusOperasional, IdPenyedia, IdPengelola) VALUES ('K58', 'Pesawat Mandala Air', 'Tidak Aktif', 'P022', 'PGL048');
INSERT INTO KENDARAAN (IdKendaraan, NamaKendaraan, StatusOperasional, IdPenyedia, IdPengelola) VALUES ('K59', 'Pesawat Batavia Air', 'Tidak Aktif', 'P001', 'PGL049');
INSERT INTO KENDARAAN (IdKendaraan, NamaKendaraan, StatusOperasional, IdPenyedia, IdPengelola) VALUES ('K60', 'Bus Teman Bus (Solo)', 'Aktif', 'P002', 'PGL036');

-- SARANA
INSERT INTO SARANA (IdSarana, NamaSarana, KontakSarana, AlamatSarana, JenisSarana, WilayahSarana, FasilitasSarana, IdPengelola, IdPelanggan) VALUES
('S0023', 'PT Kereta Api Indonesia (Persero)', 'Website resmi, Aplikasi KAI Access, Call Center (121), Sosial Media', 'Kantor Pusat Jakarta, Stasiun di seluruh Indonesia', 'Kereta Api Antar Kota/Jarak Jauh', 'Nasional (Pulau Jawa & Sumatera)', 'AC, Toilet, Restorasi, Stop Kontak, Kursi Rebah, Wi-Fi (terbatas), Boarding Pass Digital', 'PGL002', '55790001'),
('S0024', 'PT Kereta Commuter Indonesia', 'Website resmi, Aplikasi C-Access, Sosial Media', 'Kantor Pusat Jakarta, Stasiun KRL Jabodetabek/Yogyakarta', 'Kereta Komuter (KRL)', 'Jabodetabek, Yogyakarta Solo', 'AC, Prioritas Kursi, Pintu Otomatis, Informasi Stasiun', 'PGL003', '55790002'),
('S0025', 'PT MRT Jakarta', 'Website resmi, Aplikasi MRT-J, Sosial Media', 'Kantor Pusat Jakarta, Stasiun MRT Jakarta', 'Moda Raya Terpadu (MRT)', 'DKI Jakarta (Jalur UtaraSelatan)', 'AC, Stasiun Modern, Tangga Eskalator/Lift, Pintu Otomatis, Pembayaran Digital (Kartu/QR)', 'PGL004', '55790003'),
('S0026', 'PT Jakarta Propertindo (Jakpro)', 'Website resmi, Sosial Media', 'Kantor Pusat Jakarta', 'Pengembang Properti & Operator LRT', 'DKI Jakarta', 'Terlibat dalam LRT Jakarta (AC, Stasiun Modern, Pembayaran Digital)', 'PGL005', '55790004'),
('S0027', 'Rosalia Indah', 'Website resmi, Konter/Agen, Nomor Telepon (Perlu Pencarian)', 'Kantor Pusat Karanganyar, Agen di berbagai kota', 'Bus Antar Kota Antar Provinsi (AKAP)', 'Jawa, Sumatera (Lintas JawaSumatera)', 'AC, Reclining Seat, Toilet (Executive ke atas), Bantal/Selimut, Snack/Makan, Hiburan', 'PGL006', '55790005'),
('S0028', 'Sinar Jaya', 'Website resmi, Konter/Agen, Nomor Telepon (Perlu Pencarian)', 'Kantor Pusat Brebes, Agen di berbagai kota', 'Bus Antar Kota Antar Provinsi (AKAP)', 'Jawa, Sumatera (Lintas JawaSumatera)', 'AC, Reclining Seat, Toilet (Kelas tertentu)', 'PGL007', '55790006'),
('S0029', 'Gunung Harta', 'Website resmi, Konter/Agen, Nomor Telepon (Perlu Pencarian)', 'Kantor Pusat Malang, Agen di berbagai kota', 'Bus Antar Kota Antar Provinsi (AKAP)', 'Jawa, Bali, Sumatera', 'AC, Reclining Seat, Toilet (Kelas tertentu)', 'PGL008', '55790007'),
('S0030', 'Harapan Jaya', 'Website resmi, Konter/Agen, Nomor Telepon (Perlu Pencarian)', 'Kantor Pusat Tulungagung, Agen di berbagai kota', 'Bus Antar Kota Antar Provinsi (AKAP)', 'Jawa, Sumatera (Lintas JawaSumatera)', 'AC, Reclining Seat, Toilet (Kelas tertentu)', 'PGL009', '55790008'),
('S0031', 'Agra Mas', 'Website resmi, Konter/Agen, Nomor Telepon (Perlu Pencarian)', 'Kantor Pusat Jakarta, Agen di berbagai kota', 'Bus Antar Kota Antar Provinsi (AKAP) & Bus Pariwisata', 'Jawa, Sumatera (Lintas JawaSumatera), Jabodetabek', 'AC, Reclining Seat, Toilet (Kelas tertentu)', 'PGL010', '55790009'),
('S0032', 'Budiman', 'Website resmi, Konter/Agen, Nomor Telepon (Perlu Pencarian)', 'Kantor Pusat Tasikmalaya, Agen di berbagai kota', 'Bus Antar Kota Antar Provinsi (AKAP)', 'Jawa Barat, Jawa Tengah', 'AC, Reclining Seat', 'PGL011', '55790010'),
('S0033', 'PT Transportasi Jakarta', 'Website resmi, Aplikasi Tije, Sosial Media, Call Center (1500102)', 'Kantor Pusat Jakarta, Halte TransJakarta', 'Bus Rapid Transit (BRT)', 'DKI Jakarta & Sekitarnya (Jalur Busway)', 'AC, Ramah Difabel, Pembayaran NonTunai, Informasi Rute', 'PGL012', '55790011'),
('S0034', 'PT Anindya Mitra Internasional (AMI)', 'Website resmi (Trans Metro Bandung), Sosial Media', 'Kantor Pusat Bandung, Halte Trans Metro Bandung', 'Bus Rapid Transit (BRT)', 'Kota Bandung & Sekitarnya', 'AC, Pembayaran NonTunai, Informasi Rute', 'PGL013', '55790012'),
('S0035', 'Dinas Perhubungan Surabaya', 'Website resmi, Sosial Media', 'Kantor Dinas Perhubungan Surabaya', 'Operator Transportasi Publik (Bus Suroboyo Bus)', 'Kota Surabaya', 'AC, Pembayaran dengan Sampah Plastik/QRIS', 'PGL014', '55790013'),
('S0036', 'Badan Layanan Umum Trans Semarang', 'Website resmi, Sosial Media', 'Kantor BLU Trans Semarang, Halte Trans Semarang', 'Bus Rapid Transit (BRT)', 'Kota Semarang & Sekitarnya', 'AC, Pembayaran NonTunai, Informasi Rute', 'PGL015', '55790014'),
('S0037', 'Koperasi/Perorangan Lokal (Angkot, Becak, dll.)', 'Kontak Langsung (Supir/Penarik), Pangkalan/Terminal', 'Lokasi Pangkalan/Terminal, Jalan Raya', 'Angkutan Umum Mikro/Tradisional', 'Lokal (Kota/Kabupaten tertentu)', 'Tergantung jenis dan kondisi (nonAC, kursi seadanya)', 'PGL016', '55790015'),
('S0038', 'Blue Bird Group', 'Aplikasi MyBluebird, Call Center, Pangkalan Taksi', 'Kantor Pusat Jakarta, Pool Taksi di berbagai kota', 'Taksi Reguler & Executive, Sewa Mobil (Golden Bird), Bus Pariwisata', 'Kota-kota besar di Indonesia', 'AC, Argometer, Pembayaran Digital, GPS, WiFi (tertentu)', 'PGL017', '55790016'),
('S0039', 'Express Group', 'Aplikasi Express Now, Call Center, Pangkalan Taksi', 'Kantor Pusat Jakarta, Pool Taksi di berbagai kota', 'Taksi Reguler', 'Kota-kota besar di Indonesia', 'AC, Argometer', 'PGL018', '55790017'),
('S0040', 'Gojek', 'Aplikasi Gojek', 'Berbasis Aplikasi (tanpa kantor fisik untuk operasional harian)', 'Ojek Online, Taksi Online (GoCar), Logistik (GoSend), Makanan (GoFood)', 'Nasional (Kota-kota besar & berkembang)', 'GPS, Pembayaran Digital, Chat, Rating, Proteksi Asuransi (tertentu)', 'PGL019', '55790018'),
('S0041', 'Grab', 'Aplikasi Grab', 'Berbasis Aplikasi (tanpa kantor fisik untuk operasional harian)', 'Ojek Online, Taksi Online (GrabCar), Logistik (GrabExpress), Makanan (GrabFood)', 'Nasional (Kota-kota besar & berkembang)', 'GPS, Pembayaran Digital, Chat, Rating, Proteksi Asuransi (tertentu)', 'PGL020', '55790019'),
('S0042', 'Maxim', 'Aplikasi Maxim', 'Berbasis Aplikasi (tanpa kantor fisik untuk operasional harian)', 'Ojek Online, Taksi Online, Logistik, Makanan', 'Nasional (Kota-kota besar & berkembang)', 'GPS, Pembayaran Digital, Chat, Rating', 'PGL021', '55790020'),
('S0043', 'InDrive', 'Aplikasi InDrive', 'Berbasis Aplikasi (tanpa kantor fisik untuk operasional harian)', 'Ojek Online, Taksi Online (negosiasi harga)', 'Nasional (Kota-kota besar & berkembang)', 'GPS, Negosiasi Harga, Chat, Rating', 'PGL022', '55790021'),
('S0044', 'Cipaganti Travel', 'Website resmi, Konter/Agen, Nomor Telepon (Perlu Pencarian)', 'Kantor Pusat Bandung, Agen di berbagai kota', 'Travel (Shuttle), Sewa Mobil', 'Jawa (BandungJakarta, dll.)', 'AC, Reclining Seat', 'PGL023', '55790022'),
('S0045', 'Daytrans', 'Website resmi, Konter/Agen, Nomor Telepon (Perlu Pencarian)', 'Kantor Pusat Bandung, Agen di berbagai kota', 'Travel (Shuttle)', 'Jawa (BandungJakarta, dll.)', 'AC, Reclining Seat', 'PGL024', '55790023'),
('S0046', 'Lintas Shuttle', 'Website resmi, Konter/Agen, Nomor Telepon (Perlu Pencarian)', 'Kantor Pusat Bandung, Agen di berbagai kota', 'Travel (Shuttle)', 'Jawa (BandungJakarta, dll.)', 'AC, Reclining Seat', 'PGL025', '55790024'),
('S0047', 'PT Pelayaran Nasional Indonesia (Pelni)', 'Website resmi, Kantor Cabang/Pelabuhan, Call Center', 'Kantor Pusat Jakarta, Kantor Cabang di Pelabuhan besar', 'Pelayaran Penumpang & Kargo', 'Nasional (Jalur Laut Indonesia)', 'Kabin Penumpang, Restoran, Toilet, Fasilitas Umum Kapal', 'PGL026', '55790025'),
('S0048', 'PT ASDP Indonesia Ferry (Persero)', 'Website resmi, Loket Pelabuhan, Aplikasi Ferizy, Call Center', 'Kantor Pusat Jakarta, Pelabuhan Ferry di seluruh Indonesia', 'Penyeberangan Ferry', 'Nasional (Antar Pulau/Selat)', 'Deck Kendaraan, Kabin Penumpang, Restoran, Toilet', 'PGL027', '55790026'),
('S0049', 'Garuda Indonesia', 'Website resmi, Aplikasi Garuda, Call Center, Agen Tiket', 'Kantor Pusat Jakarta, Bandara di seluruh Indonesia', 'Maskapai Penerbangan (Full Service)', 'Domestik & Internasional', 'Makanan/Minuman, Hiburan Inflight, Bagasi, WiFi (tertentu), Lounge', 'PGL028', '55790027'),
('S0050', 'Lion Air', 'Website resmi, Aplikasi Lion Air, Call Center, Agen Tiket', 'Kantor Pusat Jakarta, Bandara di seluruh Indonesia', 'Maskapai Penerbangan (Low Cost Carrier)', 'Domestik & Internasional', 'Tanpa Makanan/Minuman Gratis, Bagasi Berbayar', 'PGL029', '55790028'),
('S0051', 'Citilink', 'Website resmi, Aplikasi Citilink, Call Center, Agen Tiket', 'Kantor Pusat Jakarta, Bandara di seluruh Indonesia', 'Maskapai Penerbangan (Low Cost Carrier)', 'Domestik & Internasional', 'Tanpa Makanan/Minuman Gratis, Bagasi Berbayar', 'PGL030', '55790029'),
('S0052', 'Batik Air', 'Website resmi, Aplikasi Batik Air, Call Center, Agen Tiket', 'Kantor Pusat Jakarta, Bandara di seluruh Indonesia', 'Maskapai Penerbangan (Full Service / Hybrid)', 'Domestik & Internasional', 'Makanan/Minuman, Hiburan Inflight, Bagasi', 'PGL031', '55790030'),
('S0053', 'PO Haryanto', 'Website resmi, Konter/Agen, Nomor Telepon (Perlu Pencarian)', 'Kantor Pusat Kudus, Agen di berbagai kota', 'Bus Antar Kota Antar Provinsi (AKAP)', 'Jawa, Sumatera (Lintas JawaSumatera)', 'AC, Reclining Seat, Toilet (Kelas tertentu)', 'PGL032', '55790031'),
('S0054', 'Mayasari Bakti', 'Website resmi, Call Center', 'Pool/Garasi, Terminal Bus', 'Bus Kota', 'Jabodetabek', 'AC (sebagian), Kursi', 'PGL033', '55790032'),
('S0055', 'Hiba Group', 'Website resmi, Konter/Agen, Nomor Telepon (Perlu Pencarian)', 'Kantor Pusat Jakarta, Agen di berbagai kota', 'Bus AKAP, Pariwisata, Logistik, Rental', 'Jawa, Sumatera', 'AC, Reclining Seat (tergantung layanan)', 'PGL034', '55790033'),
('S0056', 'Perum Damri', 'Website resmi, Aplikasi DAMRI, Call Center, Loket', 'Kantor Pusat Jakarta, Pool/Terminal di berbagai kota', 'Bus Antar Kota, Angkutan Perintis, Angkutan Bandara, Bus Kota', 'Nasional (berbagai wilayah)', 'AC, Reclining Seat (tergantung layanan)', 'PGL035', '55790034'),
('S0057', 'PT Transportasi Kota Bogor (TRON)', 'Website resmi, Call Center', 'Kantor/Pool di Bogor, Terminal/Halte', 'Bus Kota (Transpakuan)', 'Kota Bogor', 'AC, Informasi Rute', 'PGL036', '55790035'),
('S0058', 'PT Satria Trans Jaya', 'Tidak Beroperasi', 'Tidak Beroperasi', 'Operator Bus Lokal/Shuttle', 'Lokal (spesifik wilayah)', 'AC (tergantung layanan)', 'PGL037', '55790036'),
('S0059', 'PT Kereta Api Pariwisata', 'Website resmi, Call Center, Kantor Pemasaran', 'Kantor Pusat Jakarta', 'Kereta Api Wisata', 'Rute Wisata (Jawa)', 'Gerbong Mewah, Restorasi, Pemandangan', 'PGL038', '55790037'),
('S0060', 'Pelita Air Service', 'Website resmi, Call Center', 'Kantor Pusat Jakarta, Bandara', 'Maskapai Penerbangan (Full Service/Charter)', 'Domestik', 'Makanan/Minuman, Bagasi', 'PGL039', '55790038'),
('S0061', 'TransNusa', 'Website resmi, Call Center, Agen Tiket', 'Kantor Pusat Jakarta, Bandara', 'Maskapai Penerbangan (Low Cost Carrier)', 'Domestik & Regional', 'Tanpa Makanan/Minuman Gratis, Bagasi Berbayar', 'PGL040', '55790039'),
('S0062', 'PPD', 'Tidak Beroperasi', 'Pool/Garasi, Terminal Bus', 'Bus Kota, Bus Antar Kota', 'Jabodetabek, Rute tertentu', 'AC (sebagian), Kursi', 'PGL041', '55790040'),
('S0063', 'Morante', 'Tidak Beroperasi', 'Tidak Beroperasi', 'Bus Antar Kota Antar Provinsi (AKAP)', 'Jawa', 'AC, Reclining Seat', 'PGL042', '55790041'),
('S0064', 'President Taxi', 'Call Center, Pangkalan Taksi', 'Kantor Pusat Jakarta, Pool Taksi', 'Taksi Executive', 'Jabodetabek', 'AC, Argometer, Pembayaran Digital', 'PGL043', '55790042'),
('S0065', 'Berbagai PO Swasta (Bus Antar Kota)', 'Konter/Agen, Nomor Telepon (Perlu Pencarian)', 'Agen di berbagai kota', 'Bus Antar Kota Antar Provinsi (AKAP)', 'Regional/Nasional', 'AC, Reclining Seat (bervariasi)', 'PGL044', '55790043'),
('S0066', 'Perusahaan Swasta/BUMN era lama', 'Tidak Beroperasi', 'Tidak Beroperasi', 'Beragam (Bus, Truk, dll.)', 'Tidak Beroperasi', 'Tidak Beroperasi', 'PGL045', '55790044'),
('S0067', 'Mandala Airlines', 'Tidak Beroperasi', 'Tidak Beroperasi', 'Maskapai Penerbangan', 'Tidak Beroperasi', 'Tidak Beroperasi', 'PGL046', '55790045'),
('S0068', 'Batavia Air', 'Tidak Beroperasi', 'Tidak Beroperasi', 'Maskapai Penerbangan', 'Tidak Beroperasi', 'Tidak Beroperasi', 'PGL047', '55790046');

-- PEMBERHENTIAN
INSERT INTO PEMBERHENTIAN (IdPemberhentian, AlamatPemberhentian, JenisPemberhentian) VALUES ('P001', 'Bandara Internasional Soekarno-Hatta (Jakarta)', 'Bandara (Internasional)');
INSERT INTO PEMBERHENTIAN (IdPemberhentian, AlamatPemberhentian, JenisPemberhentian) VALUES ('P002', 'Bandara Internasional Juanda (Surabaya)', 'Bandara (Internasional)');
INSERT INTO PEMBERHENTIAN (IdPemberhentian, AlamatPemberhentian, JenisPemberhentian) VALUES ('P003', 'Bandara Internasional Ngurah Rai (Denpasar)', 'Bandara (Internasional)');
INSERT INTO PEMBERHENTIAN (IdPemberhentian, AlamatPemberhentian, JenisPemberhentian) VALUES ('P004', 'Bandara Internasional Kualanamu (Medan)', 'Bandara (Internasional)');
INSERT INTO PEMBERHENTIAN (IdPemberhentian, AlamatPemberhentian, JenisPemberhentian) VALUES ('P005', 'Bandara Internasional Sultan Hasanuddin (Makassar)', 'Bandara (Internasional)');
INSERT INTO PEMBERHENTIAN (IdPemberhentian, AlamatPemberhentian, JenisPemberhentian) VALUES ('P006', 'Bandara Internasional Yogyakarta (Kulon Progo)', 'Bandara (Internasional)');
INSERT INTO PEMBERHENTIAN (IdPemberhentian, AlamatPemberhentian, JenisPemberhentian) VALUES ('P007', 'Bandara Sultan Mahmud Badaruddin II (Palembang)', 'Bandara (Internasional)');
INSERT INTO PEMBERHENTIAN (IdPemberhentian, AlamatPemberhentian, JenisPemberhentian) VALUES ('P008', 'Bandara Supadio (Pontianak)', 'Bandara (Domestik)');
INSERT INTO PEMBERHENTIAN (IdPemberhentian, AlamatPemberhentian, JenisPemberhentian) VALUES ('P009', 'Bandara Syamsudin Noor (Banjarmasin)', 'Bandara (Domestik)');
INSERT INTO PEMBERHENTIAN (IdPemberhentian, AlamatPemberhentian, JenisPemberhentian) VALUES ('P010', 'Bandara Sam Ratulangi (Manado)', 'Bandara (Internasional)');
INSERT INTO PEMBERHENTIAN (IdPemberhentian, AlamatPemberhentian, JenisPemberhentian) VALUES ('P011', 'Bandara Komodo (Labuan Bajo)', 'Bandara (Domestik)');
INSERT INTO PEMBERHENTIAN (IdPemberhentian, AlamatPemberhentian, JenisPemberhentian) VALUES ('P012', 'Bandara Sentani (Jayapura)', 'Bandara (Domestik)');
INSERT INTO PEMBERHENTIAN (IdPemberhentian, AlamatPemberhentian, JenisPemberhentian) VALUES ('P013', 'Bandara Pattimura (Ambon)', 'Bandara (Domestik)');
INSERT INTO PEMBERHENTIAN (IdPemberhentian, AlamatPemberhentian, JenisPemberhentian) VALUES ('P014', 'Bandara Ahmad Yani (Semarang)', 'Bandara (Internasional)');
INSERT INTO PEMBERHENTIAN (IdPemberhentian, AlamatPemberhentian, JenisPemberhentian) VALUES ('P015', 'Bandara Raja Haji Fisabilillah (Tanjung Pinang)', 'Bandara (Domestik)');
INSERT INTO PEMBERHENTIAN (IdPemberhentian, AlamatPemberhentian, JenisPemberhentian) VALUES ('P016', 'Pelabuhan Tanjung Priok (Jakarta)', 'Pelabuhan Laut (Umum)');
INSERT INTO PEMBERHENTIAN (IdPemberhentian, AlamatPemberhentian, JenisPemberhentian) VALUES ('P017', 'Pelabuhan Tanjung Perak (Surabaya)', 'Pelabuhan Laut (Umum)');
INSERT INTO PEMBERHENTIAN (IdPemberhentian, AlamatPemberhentian, JenisPemberhentian) VALUES ('P018', 'Pelabuhan Belawan (Medan)', 'Pelabuhan Laut (Umum)');
INSERT INTO PEMBERHENTIAN (IdPemberhentian, AlamatPemberhentian, JenisPemberhentian) VALUES ('P019', 'Pelabuhan Makassar (Makassar)', 'Pelabuhan Laut (Umum)');
INSERT INTO PEMBERHENTIAN (IdPemberhentian, AlamatPemberhentian, JenisPemberhentian) VALUES ('P020', 'Pelabuhan Merak (Banten)', 'Dermaga Feri');
INSERT INTO PEMBERHENTIAN (IdPemberhentian, AlamatPemberhentian, JenisPemberhentian) VALUES ('P021', 'Pelabuhan Ketapang (Banyuwangi)', 'Dermaga Feri');
INSERT INTO PEMBERHENTIAN (IdPemberhentian, AlamatPemberhentian, JenisPemberhentian) VALUES ('P022', 'Pelabuhan Lembar (Lombok)', 'Dermaga Feri');
INSERT INTO PEMBERHENTIAN (IdPemberhentian, AlamatPemberhentian, JenisPemberhentian) VALUES ('P023', 'Pelabuhan Benoa (Denpasar)', 'Pelabuhan Laut (Umum)');
INSERT INTO PEMBERHENTIAN (IdPemberhentian, AlamatPemberhentian, JenisPemberhentian) VALUES ('P024', 'Pelabuhan Sorong (Sorong)', 'Pelabuhan Laut (Umum)');
INSERT INTO PEMBERHENTIAN (IdPemberhentian, AlamatPemberhentian, JenisPemberhentian) VALUES ('P025', 'Dermaga Sanur (Bali)', 'Dermaga Kapal Cepat');
INSERT INTO PEMBERHENTIAN (IdPemberhentian, AlamatPemberhentian, JenisPemberhentian) VALUES ('P026', 'Pelabuhan Bakauheni (Lampung)', 'Dermaga Feri');
INSERT INTO PEMBERHENTIAN (IdPemberhentian, AlamatPemberhentian, JenisPemberhentian) VALUES ('P027', 'Pelabuhan Batam Centre (Batam)', 'Pelabuhan Laut (Internasional)');
INSERT INTO PEMBERHENTIAN (IdPemberhentian, AlamatPemberhentian, JenisPemberhentian) VALUES ('P028', 'Pelabuhan Bangsal (Lombok)', 'Dermaga Kapal Cepat');
INSERT INTO PEMBERHENTIAN (IdPemberhentian, AlamatPemberhentian, JenisPemberhentian) VALUES ('P029', 'Pelabuhan Kalianget (Madura)', 'Pelabuhan Laut (Umum)');
INSERT INTO PEMBERHENTIAN (IdPemberhentian, AlamatPemberhentian, JenisPemberhentian) VALUES ('P030', 'Pelabuhan Tenau (Kupang)', 'Pelabuhan Laut (Umum)');
INSERT INTO PEMBERHENTIAN (IdPemberhentian, AlamatPemberhentian, JenisPemberhentian) VALUES ('P031', 'Stasiun Gambir (Jakarta)', 'Stasiun Kereta Api Jarak Jauh');
INSERT INTO PEMBERHENTIAN (IdPemberhentian, AlamatPemberhentian, JenisPemberhentian) VALUES ('P032', 'Stasiun Pasar Senen (Jakarta)', 'Stasiun Kereta Api Jarak Jauh');
INSERT INTO PEMBERHENTIAN (IdPemberhentian, AlamatPemberhentian, JenisPemberhentian) VALUES ('P033', 'Stasiun Bandung (Bandung)', 'Stasiun Kereta Api Jarak Jauh');
INSERT INTO PEMBERHENTIAN (IdPemberhentian, AlamatPemberhentian, JenisPemberhentian) VALUES ('P034', 'Stasiun Yogyakarta (Yogyakarta)', 'Stasiun Kereta Api Jarak Jauh');
INSERT INTO PEMBERHENTIAN (IdPemberhentian, AlamatPemberhentian, JenisPemberhentian) VALUES ('P035', 'Stasiun Solo Balapan (Solo)', 'Stasiun Kereta Api Jarak Jauh');
INSERT INTO PEMBERHENTIAN (IdPemberhentian, AlamatPemberhentian, JenisPemberhentian) VALUES ('P036', 'Stasiun Surabaya Gubeng (Surabaya)', 'Stasiun Kereta Api Jarak Jauh');
INSERT INTO PEMBERHENTIAN (IdPemberhentian, AlamatPemberhentian, JenisPemberhentian) VALUES ('P037', 'Stasiun Semarang Tawang (Semarang)', 'Stasiun Kereta Api Jarak Jauh');
INSERT INTO PEMBERHENTIAN (IdPemberhentian, AlamatPemberhentian, JenisPemberhentian) VALUES ('P038', 'Stasiun Manggarai (Jakarta)', 'Stasiun KRL Commuter Line');
INSERT INTO PEMBERHENTIAN (IdPemberhentian, AlamatPemberhentian, JenisPemberhentian) VALUES ('P039', 'Stasiun Tanah Abang (Jakarta)', 'Stasiun KRL Commuter Line');
INSERT INTO PEMBERHENTIAN (IdPemberhentian, AlamatPemberhentian, JenisPemberhentian) VALUES ('P040', 'Stasiun Bogor (Bogor)', 'Stasiun KRL Commuter Line');
INSERT INTO PEMBERHENTIAN (IdPemberhentian, AlamatPemberhentian, JenisPemberhentian) VALUES ('P041', 'Stasiun Cikarang (Bekasi)', 'Stasiun KRL Commuter Line');
INSERT INTO PEMBERHENTIAN (IdPemberhentian, AlamatPemberhentian, JenisPemberhentian) VALUES ('P042', 'Stasiun Rangkasbitung (Lebak)', 'Stasiun KRL Commuter Line');
INSERT INTO PEMBERHENTIAN (IdPemberhentian, AlamatPemberhentian, JenisPemberhentian) VALUES ('P043', 'Stasiun Bundaran HI (Jakarta)', 'Stasiun MRT');
INSERT INTO PEMBERHENTIAN (IdPemberhentian, AlamatPemberhentian, JenisPemberhentian) VALUES ('P044', 'Stasiun Lebak Bulus Grab (Jakarta)', 'Stasiun MRT');
INSERT INTO PEMBERHENTIAN (IdPemberhentian, AlamatPemberhentian, JenisPemberhentian) VALUES ('P045', 'Stasiun Velodrome (Jakarta)', 'Stasiun LRT');
INSERT INTO PEMBERHENTIAN (IdPemberhentian, AlamatPemberhentian, JenisPemberhentian) VALUES ('P046', 'Stasiun Dukuh Atas BNI (Jakarta)', 'Stasiun LRT Jabodebek');
INSERT INTO PEMBERHENTIAN (IdPemberhentian, AlamatPemberhentian, JenisPemberhentian) VALUES ('P047', 'Stasiun Cawang (Jakarta)', 'Stasiun LRT Jabodebek');
INSERT INTO PEMBERHENTIAN (IdPemberhentian, AlamatPemberhentian, JenisPemberhentian) VALUES ('P048', 'Stasiun Bandara (Palembang)', 'Stasiun LRT Palembang');
INSERT INTO PEMBERHENTIAN (IdPemberhentian, AlamatPemberhentian, JenisPemberhentian) VALUES ('P049', 'Stasiun Kertapati (Palembang)', 'Stasiun Kereta Api Jarak Jauh');
INSERT INTO PEMBERHENTIAN (IdPemberhentian, AlamatPemberhentian, JenisPemberhentian) VALUES ('P050', 'Stasiun Medan (Medan)', 'Stasiun Kereta Api Jarak Jauh');
INSERT INTO PEMBERHENTIAN (IdPemberhentian, AlamatPemberhentian, JenisPemberhentian) VALUES ('P051', 'Terminal Pulo Gebang (Jakarta)', 'Terminal Bus (Tipe A)');
INSERT INTO PEMBERHENTIAN (IdPemberhentian, AlamatPemberhentian, JenisPemberhentian) VALUES ('P052', 'Terminal Kampung Rambutan (Jakarta)', 'Terminal Bus (Tipe A)');
INSERT INTO PEMBERHENTIAN (IdPemberhentian, AlamatPemberhentian, JenisPemberhentian) VALUES ('P053', 'Terminal Kalideres (Jakarta)', 'Terminal Bus (Tipe A)');
INSERT INTO PEMBERHENTIAN (IdPemberhentian, AlamatPemberhentian, JenisPemberhentian) VALUES ('P054', 'Terminal Purabaya (Bungurasih) (Surabaya)', 'Terminal Bus (Tipe A)');
INSERT INTO PEMBERHENTIAN (IdPemberhentian, AlamatPemberhentian, JenisPemberhentian) VALUES ('P055', 'Terminal Tirtonadi (Solo)', 'Terminal Bus (Tipe A)');
INSERT INTO PEMBERHENTIAN (IdPemberhentian, AlamatPemberhentian, JenisPemberhentian) VALUES ('P056', 'Terminal Amplas (Medan)', 'Terminal Bus (Tipe A)');
INSERT INTO PEMBERHENTIAN (IdPemberhentian, AlamatPemberhentian, JenisPemberhentian) VALUES ('P057', 'Terminal Mengwi (Bali)', 'Terminal Bus (Tipe A)');
INSERT INTO PEMBERHENTIAN (IdPemberhentian, AlamatPemberhentian, JenisPemberhentian) VALUES ('P058', 'Terminal Daya (Makassar)', 'Terminal Bus (Tipe A)');
INSERT INTO PEMBERHENTIAN (IdPemberhentian, AlamatPemberhentian, JenisPemberhentian) VALUES ('P059', 'Terminal Poris Plawad (Tangerang)', 'Terminal Bus (Tipe A)');
INSERT INTO PEMBERHENTIAN (IdPemberhentian, AlamatPemberhentian, JenisPemberhentian) VALUES ('P060', 'Terminal Baranangsiang (Bogor)', 'Terminal Bus (Tipe B)');
INSERT INTO PEMBERHENTIAN (IdPemberhentian, AlamatPemberhentian, JenisPemberhentian) VALUES ('P061', 'Terminal Leuwi Panjang (Bandung)', 'Terminal Bus (Tipe A)');
INSERT INTO PEMBERHENTIAN (IdPemberhentian, AlamatPemberhentian, JenisPemberhentian) VALUES ('P062', 'Terminal Harjamukti (Cirebon)', 'Terminal Bus (Tipe A)');
INSERT INTO PEMBERHENTIAN (IdPemberhentian, AlamatPemberhentian, JenisPemberhentian) VALUES ('P063', 'Terminal Arjosari (Malang)', 'Terminal Bus (Tipe A)');
INSERT INTO PEMBERHENTIAN (IdPemberhentian, AlamatPemberhentian, JenisPemberhentian) VALUES ('P064', 'Terminal Gadang (Malang)', 'Terminal Bus (Tipe B)');
INSERT INTO PEMBERHENTIAN (IdPemberhentian, AlamatPemberhentian, JenisPemberhentian) VALUES ('P065', 'Terminal Tipe B Mangkang (Semarang)', 'Terminal Bus (Tipe B)');
INSERT INTO PEMBERHENTIAN (IdPemberhentian, AlamatPemberhentian, JenisPemberhentian) VALUES ('P066', 'Halte Bundaran Senayan (Jakarta)', 'Halte TransJakarta');
INSERT INTO PEMBERHENTIAN (IdPemberhentian, AlamatPemberhentian, JenisPemberhentian) VALUES ('P067', 'Halte Harmoni Central (Jakarta)', 'Halte TransJakarta');
INSERT INTO PEMBERHENTIAN (IdPemberhentian, AlamatPemberhentian, JenisPemberhentian) VALUES ('P068', 'Halte Monumen Nasional (Jakarta)', 'Halte TransJakarta');
INSERT INTO PEMBERHENTIAN (IdPemberhentian, AlamatPemberhentian, JenisPemberhentian) VALUES ('P069', 'Halte Tosari (Jakarta)', 'Halte TransJakarta');
INSERT INTO PEMBERHENTIAN (IdPemberhentian, AlamatPemberhentian, JenisPemberhentian) VALUES ('P070', 'Halte Tugu Pal Putih (Yogyakarta)', 'Halte Trans Jogja');
INSERT INTO PEMBERHENTIAN (IdPemberhentian, AlamatPemberhentian, JenisPemberhentian) VALUES ('P071', 'Halte Malioboro 2 (Yogyakarta)', 'Halte Trans Jogja');
INSERT INTO PEMBERHENTIAN (IdPemberhentian, AlamatPemberhentian, JenisPemberhentian) VALUES ('P072', 'Halte Imam Bonjol (Semarang)', 'Halte Trans Semarang');
INSERT INTO PEMBERHENTIAN (IdPemberhentian, AlamatPemberhentian, JenisPemberhentian) VALUES ('P073', 'Halte Taman Bungkul (Surabaya)', 'Halte Suroboyo Bus');
INSERT INTO PEMBERHENTIAN (IdPemberhentian, AlamatPemberhentian, JenisPemberhentian) VALUES ('P074', 'Halte Solo Grand Mall (Solo)', 'Halte Batik Solo Trans');
INSERT INTO PEMBERHENTIAN (IdPemberhentian, AlamatPemberhentian, JenisPemberhentian) VALUES ('P075', 'Halte Simpang Lima (Semarang)', 'Halte Trans Semarang');
INSERT INTO PEMBERHENTIAN (IdPemberhentian, AlamatPemberhentian, JenisPemberhentian) VALUES ('P076', 'Halte Pasar Gede (Solo)', 'Halte Batik Solo Trans');
INSERT INTO PEMBERHENTIAN (IdPemberhentian, AlamatPemberhentian, JenisPemberhentian) VALUES ('P077', 'Halte Terminal Tirtonadi (Solo)', 'Halte Batik Solo Trans');
INSERT INTO PEMBERHENTIAN (IdPemberhentian, AlamatPemberhentian, JenisPemberhentian) VALUES ('P078', 'Halte Tegal Legok (Bogor)', 'Halte BisKita Trans Pakuan');
INSERT INTO PEMBERHENTIAN (IdPemberhentian, AlamatPemberhentian, JenisPemberhentian) VALUES ('P079', 'Halte Klandasan (Balikpapan)', 'Halte Teman Bus');
INSERT INTO PEMBERHENTIAN (IdPemberhentian, AlamatPemberhentian, JenisPemberhentian) VALUES ('P080', 'Halte RSUP Sanglah (Denpasar)', 'Halte Trans Sarbagita/Teman Bus');
INSERT INTO PEMBERHENTIAN (IdPemberhentian, AlamatPemberhentian, JenisPemberhentian) VALUES ('P081', 'Pangkalan Bajaj Kota (Jakarta Pusat)', 'Pangkalan Bajaj');
INSERT INTO PEMBERHENTIAN (IdPemberhentian, AlamatPemberhentian, JenisPemberhentian) VALUES ('P082', 'Pangkalan Andong Malioboro (Yogyakarta)', 'Pangkalan Andong/Delman');
INSERT INTO PEMBERHENTIAN (IdPemberhentian, AlamatPemberhentian, JenisPemberhentian) VALUES ('P083', 'Pangkalan Becak Pasar Gede (Solo)', 'Pangkalan Becak');
INSERT INTO PEMBERHENTIAN (IdPemberhentian, AlamatPemberhentian, JenisPemberhentian) VALUES ('P084', 'Pangkalan Ojek Stasiun Bogor (Bogor)', 'Pangkalan Ojek');
INSERT INTO PEMBERHENTIAN (IdPemberhentian, AlamatPemberhentian, JenisPemberhentian) VALUES ('P085', 'Pangkalan Ojek Bandara (Bandara Domestik Kecil)', 'Pangkalan Ojek');
INSERT INTO PEMBERHENTIAN (IdPemberhentian, AlamatPemberhentian, JenisPemberhentian) VALUES ('P086', 'Area Jemput Gojek/Grab (Pusat Perbelanjaan)', 'Titik Jemput Online');
INSERT INTO PEMBERHENTIAN (IdPemberhentian, AlamatPemberhentian, JenisPemberhentian) VALUES ('P087', 'Area Jemput Gojek/Grab (Stasiun/Terminal)', 'Titik Jemput Online');
INSERT INTO PEMBERHENTIAN (IdPemberhentian, AlamatPemberhentian, JenisPemberhentian) VALUES ('P088', 'Pool Taksi Blue Bird (Jakarta)', 'Pool Taksi Konvensional');
INSERT INTO PEMBERHENTIAN (IdPemberhentian, AlamatPemberhentian, JenisPemberhentian) VALUES ('P089', 'Pool Taksi Express (Surabaya)', 'Pool Taksi Konvensional');
INSERT INTO PEMBERHENTIAN (IdPemberhentian, AlamatPemberhentian, JenisPemberhentian) VALUES ('P090', 'Pangkalan Mikrolet (Jakarta/Surabaya/Medan)', 'Pangkalan Angkot/Mikrolet');
INSERT INTO PEMBERHENTIAN (IdPemberhentian, AlamatPemberhentian, JenisPemberhentian) VALUES ('P091', 'Pool Travel Cipaganti (Bandung)', 'Pool/Kantor Travel Shuttle');
INSERT INTO PEMBERHENTIAN (IdPemberhentian, AlamatPemberhentian, JenisPemberhentian) VALUES ('P092', 'Pool Travel Daytrans (Jakarta)', 'Pool/Kantor Travel Shuttle');
INSERT INTO PEMBERHENTIAN (IdPemberhentian, AlamatPemberhentian, JenisPemberhentian) VALUES ('P093', 'Pangkalan Becak Motor (Bentor) (Medan)', 'Pangkalan Becak Motor');
INSERT INTO PEMBERHENTIAN (IdPemberhentian, AlamatPemberhentian, JenisPemberhentian) VALUES ('P094', 'Dermaga Perahu Klotok (Tanjung Puting, Kalteng)', 'Dermaga Perahu Tradisional');
INSERT INTO PEMBERHENTIAN (IdPemberhentian, AlamatPemberhentian, JenisPemberhentian) VALUES ('P095', 'Pangkalan Cidomo (Gili Trawangan, Lombok)', 'Pangkalan Cidomo');
INSERT INTO PEMBERHENTIAN (IdPemberhentian, AlamatPemberhentian, JenisPemberhentian) VALUES ('P096', 'Bandara Husein Sastranegara (Bandung)', 'Bandara (Domestik)');
INSERT INTO PEMBERHENTIAN (IdPemberhentian, AlamatPemberhentian, JenisPemberhentian) VALUES ('P097', 'Pelabuhan Gilimanuk (Bali)', 'Dermaga Feri');
INSERT INTO PEMBERHENTIAN (IdPemberhentian, AlamatPemberhentian, JenisPemberhentian) VALUES ('P098', 'Stasiun Purwokerto (Purwokerto)', 'Stasiun Kereta Api Jarak Jauh');
INSERT INTO PEMBERHENTIAN (IdPemberhentian, AlamatPemberhentian, JenisPemberhentian) VALUES ('P099', 'Terminal Kartosuro (Solo)', 'Terminal Bus (Tipe B)');
INSERT INTO PEMBERHENTIAN (IdPemberhentian, AlamatPemberhentian, JenisPemberhentian) VALUES ('P100', 'Halte Slamet Riyadi (Solo)', 'Halte Batik Solo Trans');
INSERT INTO PEMBERHENTIAN (IdPemberhentian, AlamatPemberhentian, JenisPemberhentian) VALUES ('P101', 'Pelabuhan Sunda Kelapa (Jakarta)', 'Pelabuhan Laut (Tradisional)');
INSERT INTO PEMBERHENTIAN (IdPemberhentian, AlamatPemberhentian, JenisPemberhentian) VALUES ('P102', 'Bandara Tjilik Riwut (Palangkaraya)', 'Bandara (Domestik)');
INSERT INTO PEMBERHENTIAN (IdPemberhentian, AlamatPemberhentian, JenisPemberhentian) VALUES ('P103', 'Terminal Batoh (Aceh)', 'Terminal Bus (Tipe A)');
INSERT INTO PEMBERHENTIAN (IdPemberhentian, AlamatPemberhentian, JenisPemberhentian) VALUES ('P104', 'Stasiun KAI Padang (Padang)', 'Stasiun Kereta Api Jarak Jauh');
INSERT INTO PEMBERHENTIAN (IdPemberhentian, AlamatPemberhentian, JenisPemberhentian) VALUES ('P105', 'Halte Trans Metro Deli (Medan)', 'Halte Teman Bus');
INSERT INTO PEMBERHENTIAN (IdPemberhentian, AlamatPemberhentian, JenisPemberhentian) VALUES ('P106', 'Pelabuhan Muara Angke (Jakarta)', 'Dermaga Perahu Tradisional');
INSERT INTO PEMBERHENTIAN (IdPemberhentian, AlamatPemberhentian, JenisPemberhentian) VALUES ('P107', 'Bandara Djalaluddin (Gorontalo)', 'Bandara (Domestik)');
INSERT INTO PEMBERHENTIAN (IdPemberhentian, AlamatPemberhentian, JenisPemberhentian) VALUES ('P108', 'Stasiun Tawang Alun (Jember)', 'Stasiun Kereta Api Jarak Jauh');
INSERT INTO PEMBERHENTIAN (IdPemberhentian, AlamatPemberhentian, JenisPemberhentian) VALUES ('P109', 'Terminal Gadang (Malang)', 'Terminal Bus (Tipe B)');
INSERT INTO PEMBERHENTIAN (IdPemberhentian, AlamatPemberhentian, JenisPemberhentian) VALUES ('P110', 'Halte BRT Trans Semarang (Semarang)', 'Halte Trans Semarang');
INSERT INTO PEMBERHENTIAN (IdPemberhentian, AlamatPemberhentian, JenisPemberhentian) VALUES ('P111', 'Pangkalan Becak/Cidomo (Lombok)', 'Pangkalan Becak/Cidomo');
INSERT INTO PEMBERHENTIAN (IdPemberhentian, AlamatPemberhentian, JenisPemberhentian) VALUES ('P112', 'Bandara El Tari (Kupang)', 'Bandara (Domestik)');
INSERT INTO PEMBERHENTIAN (IdPemberhentian, AlamatPemberhentian, JenisPemberhentian) VALUES ('P113', 'Pelabuhan Labuan Bajo (Labuan Bajo)', 'Pelabuhan Laut (Umum)');
INSERT INTO PEMBERHENTIAN (IdPemberhentian, AlamatPemberhentian, JenisPemberhentian) VALUES ('P114', 'Stasiun Palmerah (Jakarta)', 'Stasiun KRL Commuter Line');
INSERT INTO PEMBERHENTIAN (IdPemberhentian, AlamatPemberhentian, JenisPemberhentian) VALUES ('P115', 'Terminal Bus Antar Kota (Regional)', 'Terminal Bus (Tipe B/C)');
INSERT INTO PEMBERHENTIAN (IdPemberhentian, AlamatPemberhentian, JenisPemberhentian) VALUES ('P116', 'Halte Bus Lokal (Perkotaan)', 'Halte Bus Lokal');

-- TRANSAKSI 
INSERT INTO TRANSAKSI (IdTransaksi, TanggalTransaksi, Booking, IdPelanggan) VALUES ('698754301', '20230905', 'Ya', '55790078');
INSERT INTO TRANSAKSI (IdTransaksi, TanggalTransaksi, Booking, IdPelanggan) VALUES ('698754302', '20250218', 'Tidak', '55790012');
INSERT INTO TRANSAKSI (IdTransaksi, TanggalTransaksi, Booking, IdPelanggan) VALUES ('698754303', '20241129', 'Ya', '55790093');
INSERT INTO TRANSAKSI (IdTransaksi, TanggalTransaksi, Booking, IdPelanggan) VALUES ('698754304', '20230710', 'Tidak', '55790045');
INSERT INTO TRANSAKSI (IdTransaksi, TanggalTransaksi, Booking, IdPelanggan) VALUES ('698754305', '20250403', 'Ya', '55790001');
INSERT INTO TRANSAKSI (IdTransaksi, TanggalTransaksi, Booking, IdPelanggan) VALUES ('698754306', '20240122', 'Tidak', '55790067');
INSERT INTO TRANSAKSI (IdTransaksi, TanggalTransaksi, Booking, IdPelanggan) VALUES ('698754307', '20231014', 'Ya', '55790022');
INSERT INTO TRANSAKSI (IdTransaksi, TanggalTransaksi, Booking, IdPelanggan) VALUES ('698754308', '20250301', 'Tidak', '55790089');
INSERT INTO TRANSAKSI (IdTransaksi, TanggalTransaksi, Booking, IdPelanggan) VALUES ('698754309', '20240825', 'Ya', '55790034');
INSERT INTO TRANSAKSI (IdTransaksi, TanggalTransaksi, Booking, IdPelanggan) VALUES ('698754310', '20230607', 'Tidak', '55790056');
INSERT INTO TRANSAKSI (IdTransaksi, TanggalTransaksi, Booking, IdPelanggan) VALUES ('698754311', '20241219', 'Ya', '55790007');
INSERT INTO TRANSAKSI (IdTransaksi, TanggalTransaksi, Booking, IdPelanggan) VALUES ('698754312', '20230930', 'Tidak', '55790041');
INSERT INTO TRANSAKSI (IdTransaksi, TanggalTransaksi, Booking, IdPelanggan) VALUES ('698754313', '20250511', 'Ya', '55790019');
INSERT INTO TRANSAKSI (IdTransaksi, TanggalTransaksi, Booking, IdPelanggan) VALUES ('698754314', '20240202', 'Tidak', '55790060');
INSERT INTO TRANSAKSI (IdTransaksi, TanggalTransaksi, Booking, IdPelanggan) VALUES ('698754315', '20230716', 'Ya', '55790031');
INSERT INTO TRANSAKSI (IdTransaksi, TanggalTransaksi, Booking, IdPelanggan) VALUES ('698754316', '20250427', 'Tidak', '55790073');
INSERT INTO TRANSAKSI (IdTransaksi, TanggalTransaksi, Booking, IdPelanggan) VALUES ('698754317', '20240108', 'Ya', '55790085');
INSERT INTO TRANSAKSI (IdTransaksi, TanggalTransaksi, Booking, IdPelanggan) VALUES ('698754318', '20231020', 'Tidak', '55790009');
INSERT INTO TRANSAKSI (IdTransaksi, TanggalTransaksi, Booking, IdPelanggan) VALUES ('698754319', '20250304', 'Ya', '55790053');
INSERT INTO TRANSAKSI (IdTransaksi, TanggalTransaksi, Booking, IdPelanggan) VALUES ('698754320', '20240815', 'Tidak', '55790025');
INSERT INTO TRANSAKSI (IdTransaksi, TanggalTransaksi, Booking, IdPelanggan) VALUES ('698754321', '20230626', 'Ya', '55790097');
INSERT INTO TRANSAKSI (IdTransaksi, TanggalTransaksi, Booking, IdPelanggan) VALUES ('698754322', '20241109', 'Tidak', '55790014');
INSERT INTO TRANSAKSI (IdTransaksi, TanggalTransaksi, Booking, IdPelanggan) VALUES ('698754323', '20230921', 'Ya', '55790080');
INSERT INTO TRANSAKSI (IdTransaksi, TanggalTransaksi, Booking, IdPelanggan) VALUES ('698754324', '20250513', 'Tidak', '55790037');
INSERT INTO TRANSAKSI (IdTransaksi, TanggalTransaksi, Booking, IdPelanggan) VALUES ('698754325', '20240205', 'Ya', '55790059');
INSERT INTO TRANSAKSI (IdTransaksi, TanggalTransaksi, Booking, IdPelanggan) VALUES ('698754326', '20230717', 'Tidak', '55790004');
INSERT INTO TRANSAKSI (IdTransaksi, TanggalTransaksi, Booking, IdPelanggan) VALUES ('698754327', '20250428', 'Ya', '55790070');
INSERT INTO TRANSAKSI (IdTransaksi, TanggalTransaksi, Booking, IdPelanggan) VALUES ('698754328', '20240110', 'Tidak', '55790028');
INSERT INTO TRANSAKSI (IdTransaksi, TanggalTransaksi, Booking, IdPelanggan) VALUES ('698754329', '20231023', 'Ya', '55790090');
INSERT INTO TRANSAKSI (IdTransaksi, TanggalTransaksi, Booking, IdPelanggan) VALUES ('698754330', '20250306', 'Tidak', '55790042');
INSERT INTO TRANSAKSI (IdTransaksi, TanggalTransaksi, Booking, IdPelanggan) VALUES ('698754331', '20240818', 'Ya', '55790017');
INSERT INTO TRANSAKSI (IdTransaksi, TanggalTransaksi, Booking, IdPelanggan) VALUES ('698754332', '20230629', 'Tidak', '55790062');
INSERT INTO TRANSAKSI (IdTransaksi, TanggalTransaksi, Booking, IdPelanggan) VALUES ('698754333', '20241201', 'Ya', '55790035');
INSERT INTO TRANSAKSI (IdTransaksi, TanggalTransaksi, Booking, IdPelanggan) VALUES ('698754334', '20230912', 'Tidak', '55790099');
INSERT INTO TRANSAKSI (IdTransaksi, TanggalTransaksi, Booking, IdPelanggan) VALUES ('698754335', '20250524', 'Ya', '55790002');
INSERT INTO TRANSAKSI (IdTransaksi, TanggalTransaksi, Booking, IdPelanggan) VALUES ('698754336', '20240207', 'Tidak', '55790071');
INSERT INTO TRANSAKSI (IdTransaksi, TanggalTransaksi, Booking, IdPelanggan) VALUES ('698754337', '20230720', 'Ya', '55790020');
INSERT INTO TRANSAKSI (IdTransaksi, TanggalTransaksi, Booking, IdPelanggan) VALUES ('698754338', '20250503', 'Tidak', '55790083');
INSERT INTO TRANSAKSI (IdTransaksi, TanggalTransaksi, Booking, IdPelanggan) VALUES ('698754339', '20240115', 'Ya', '55790049');
INSERT INTO TRANSAKSI (IdTransaksi, TanggalTransaksi, Booking, IdPelanggan) VALUES ('698754340', '20231028', 'Tidak', '55790094');
INSERT INTO TRANSAKSI (IdTransaksi, TanggalTransaksi, Booking, IdPelanggan) VALUES ('698754341', '20250309', 'Ya', '55790005');
INSERT INTO TRANSAKSI (IdTransaksi, TanggalTransaksi, Booking, IdPelanggan) VALUES ('698754342', '20240821', 'Tidak', '55790076');
INSERT INTO TRANSAKSI (IdTransaksi, TanggalTransaksi, Booking, IdPelanggan) VALUES ('698754343', '20230702', 'Ya', '55790023');
INSERT INTO TRANSAKSI (IdTransaksi, TanggalTransaksi, Booking, IdPelanggan) VALUES ('698754344', '20241114', 'Tidak', '55790088');
INSERT INTO TRANSAKSI (IdTransaksi, TanggalTransaksi, Booking, IdPelanggan) VALUES ('698754345', '20230926', 'Ya', '55790046');
INSERT INTO TRANSAKSI (IdTransaksi, TanggalTransaksi, Booking, IdPelanggan) VALUES ('698754346', '20250508', 'Tidak', '55790011');
INSERT INTO TRANSAKSI (IdTransaksi, TanggalTransaksi, Booking, IdPelanggan) VALUES ('698754347', '20240220', 'Ya', '55790069');
INSERT INTO TRANSAKSI (IdTransaksi, TanggalTransaksi, Booking, IdPelanggan) VALUES ('698754348', '20230704', 'Tidak', '55790039');
INSERT INTO TRANSAKSI (IdTransaksi, TanggalTransaksi, Booking, IdPelanggan) VALUES ('698754349', '20250516', 'Ya', '55790098');
INSERT INTO TRANSAKSI (IdTransaksi, TanggalTransaksi, Booking, IdPelanggan) VALUES ('698754350', '20240129', 'Tidak', '55790050');
INSERT INTO TRANSAKSI (IdTransaksi, TanggalTransaksi, Booking, IdPelanggan) VALUES ('698754351', '20231011', 'Ya', '55790008');
INSERT INTO TRANSAKSI (IdTransaksi, TanggalTransaksi, Booking, IdPelanggan) VALUES ('698754352', '20250323', 'Tidak', '55790074');
INSERT INTO TRANSAKSI (IdTransaksi, TanggalTransaksi, Booking, IdPelanggan) VALUES ('698754353', '20240905', 'Ya', '55790029');
INSERT INTO TRANSAKSI (IdTransaksi, TanggalTransaksi, Booking, IdPelanggan) VALUES ('698754354', '20230617', 'Tidak', '55790091');
INSERT INTO TRANSAKSI (IdTransaksi, TanggalTransaksi, Booking, IdPelanggan) VALUES ('698754355', '20241128', 'Ya', '55790052');
INSERT INTO TRANSAKSI (IdTransaksi, TanggalTransaksi, Booking, IdPelanggan) VALUES ('698754356', '20230910', 'Tidak', '55790016');
INSERT INTO TRANSAKSI (IdTransaksi, TanggalTransaksi, Booking, IdPelanggan) VALUES ('698754357', '20250522', 'Ya', '55790084');
INSERT INTO TRANSAKSI (IdTransaksi, TanggalTransaksi, Booking, IdPelanggan) VALUES ('698754358', '20240204', 'Tidak', '55790038');
INSERT INTO TRANSAKSI (IdTransaksi, TanggalTransaksi, Booking, IdPelanggan) VALUES ('698754359', '20230716', 'Ya', '55790096');
INSERT INTO TRANSAKSI (IdTransaksi, TanggalTransaksi, Booking, IdPelanggan) VALUES ('698754360', '20250527', 'Tidak', '55790058');
INSERT INTO TRANSAKSI (IdTransaksi, TanggalTransaksi, Booking, IdPelanggan) VALUES ('698754361', '20240108', 'Ya', '55790003');
INSERT INTO TRANSAKSI (IdTransaksi, TanggalTransaksi, Booking, IdPelanggan) VALUES ('698754362', '20231020', 'Tidak', '55790077');
INSERT INTO TRANSAKSI (IdTransaksi, TanggalTransaksi, Booking, IdPelanggan) VALUES ('698754363', '20250401', 'Ya', '55790032');
INSERT INTO TRANSAKSI (IdTransaksi, TanggalTransaksi, Booking, IdPelanggan) VALUES ('698754364', '20240813', 'Tidak', '55790092');
INSERT INTO TRANSAKSI (IdTransaksi, TanggalTransaksi, Booking, IdPelanggan) VALUES ('698754365', '20230625', 'Ya', '55790055');
INSERT INTO TRANSAKSI (IdTransaksi, TanggalTransaksi, Booking, IdPelanggan) VALUES ('698754366', '20241107', 'Tidak', '55790015');
INSERT INTO TRANSAKSI (IdTransaksi, TanggalTransaksi, Booking, IdPelanggan) VALUES ('698754367', '20230919', 'Ya', '55790081');
INSERT INTO TRANSAKSI (IdTransaksi, TanggalTransaksi, Booking, IdPelanggan) VALUES ('698754368', '20250530', 'Tidak', '55790030');
INSERT INTO TRANSAKSI (IdTransaksi, TanggalTransaksi, Booking, IdPelanggan) VALUES ('698754369', '20240211', 'Ya', '55790095');
INSERT INTO TRANSAKSI (IdTransaksi, TanggalTransaksi, Booking, IdPelanggan) VALUES ('698754370', '20230723', 'Tidak', '55790061');
INSERT INTO TRANSAKSI (IdTransaksi, TanggalTransaksi, Booking, IdPelanggan) VALUES ('698754371', '20250505', 'Ya', '55790024');
INSERT INTO TRANSAKSI (IdTransaksi, TanggalTransaksi, Booking, IdPelanggan) VALUES ('698754372', '20240117', 'Tidak', '55790086');
INSERT INTO TRANSAKSI (IdTransaksi, TanggalTransaksi, Booking, IdPelanggan) VALUES ('698754373', '20231029', 'Ya', '55790043');
INSERT INTO TRANSAKSI (IdTransaksi, TanggalTransaksi, Booking, IdPelanggan) VALUES ('698754374', '20250310', 'Tidak', '55790064');
INSERT INTO TRANSAKSI (IdTransaksi, TanggalTransaksi, Booking, IdPelanggan) VALUES ('698754375', '20240822', 'Ya', '55790006');
INSERT INTO TRANSAKSI (IdTransaksi, TanggalTransaksi, Booking, IdPelanggan) VALUES ('698754376', '20230703', 'Tidak', '55790072');
INSERT INTO TRANSAKSI (IdTransaksi, TanggalTransaksi, Booking, IdPelanggan) VALUES ('698754377', '20241115', 'Ya', '55790033');
INSERT INTO TRANSAKSI (IdTransaksi, TanggalTransaksi, Booking, IdPelanggan) VALUES ('698754378', '20230927', 'Tidak', '55790087');
INSERT INTO TRANSAKSI (IdTransaksi, TanggalTransaksi, Booking, IdPelanggan) VALUES ('698754379', '20250509', 'Ya', '55790051');
INSERT INTO TRANSAKSI (IdTransaksi, TanggalTransaksi, Booking, IdPelanggan) VALUES ('698754380', '20240221', 'Tidak', '55790010');
INSERT INTO TRANSAKSI (IdTransaksi, TanggalTransaksi, Booking, IdPelanggan) VALUES ('698754381', '20230704', 'Ya', '55790079');
INSERT INTO TRANSAKSI (IdTransaksi, TanggalTransaksi, Booking, IdPelanggan) VALUES ('698754382', '20250516', 'Tidak', '55790026');
INSERT INTO TRANSAKSI (IdTransaksi, TanggalTransaksi, Booking, IdPelanggan) VALUES ('698754383', '20240128', 'Ya', '55790048');
INSERT INTO TRANSAKSI (IdTransaksi, TanggalTransaksi, Booking, IdPelanggan) VALUES ('698754384', '20231010', 'Tidak', '55790063');
INSERT INTO TRANSAKSI (IdTransaksi, TanggalTransaksi, Booking, IdPelanggan) VALUES ('698754385', '20250322', 'Ya', '55790018');
INSERT INTO TRANSAKSI (IdTransaksi, TanggalTransaksi, Booking, IdPelanggan) VALUES ('698754386', '20240904', 'Tidak', '55790082');
INSERT INTO TRANSAKSI (IdTransaksi, TanggalTransaksi, Booking, IdPelanggan) VALUES ('698754387', '20230616', 'Ya', '55790040');
INSERT INTO TRANSAKSI (IdTransaksi, TanggalTransaksi, Booking, IdPelanggan) VALUES ('698754388', '20241128', 'Tidak', '55790068');
INSERT INTO TRANSAKSI (IdTransaksi, TanggalTransaksi, Booking, IdPelanggan) VALUES ('698754389', '20230909', 'Ya', '55790013');
INSERT INTO TRANSAKSI (IdTransaksi, TanggalTransaksi, Booking, IdPelanggan) VALUES ('698754390', '20250521', 'Tidak', '55790075');
INSERT INTO TRANSAKSI (IdTransaksi, TanggalTransaksi, Booking, IdPelanggan) VALUES ('698754391', '20240203', 'Ya', '55790044');
INSERT INTO TRANSAKSI (IdTransaksi, TanggalTransaksi, Booking, IdPelanggan) VALUES ('698754392', '20230715', 'Tidak', '55790066');
INSERT INTO TRANSAKSI (IdTransaksi, TanggalTransaksi, Booking, IdPelanggan) VALUES ('698754393', '20250527', 'Ya', '55790021');
INSERT INTO TRANSAKSI (IdTransaksi, TanggalTransaksi, Booking, IdPelanggan) VALUES ('698754394', '20240108', 'Tidak', '55790080');
INSERT INTO TRANSAKSI (IdTransaksi, TanggalTransaksi, Booking, IdPelanggan) VALUES ('698754395', '20231020', 'Ya', '55790036');
INSERT INTO TRANSAKSI (IdTransaksi, TanggalTransaksi, Booking, IdPelanggan) VALUES ('698754396', '20250402', 'Tidak', '55790094');
INSERT INTO TRANSAKSI (IdTransaksi, TanggalTransaksi, Booking, IdPelanggan) VALUES ('698754397', '20240814', 'Ya', '55790057');
INSERT INTO TRANSAKSI (IdTransaksi, TanggalTransaksi, Booking, IdPelanggan) VALUES ('698754398', '20230626', 'Tidak', '55790027');
INSERT INTO TRANSAKSI (IdTransaksi, TanggalTransaksi, Booking, IdPelanggan) VALUES ('698754399', '20241108', 'Ya', '55790100');
INSERT INTO TRANSAKSI (IdTransaksi, TanggalTransaksi, Booking, IdPelanggan) VALUES ('698754400', '20230920', 'Tidak', '55790065');


-- RUTE 
INSERT INTO RUTE (IdRute, IdAsal, IdTujuan, IdKendaraan, JarakTempuhKM, EstimasiDurasi) VALUES
('R0001', 'P001', 'P006', 'K33', 1200.00, '01:15'),
('R0002', 'P002', 'P007', 'K35', 1350.00, '01:40'),
('R0003', 'P003', 'P008', 'K33', 1100.00, '01:30'),
('R0004', 'P004', 'P009', 'K36', 2500.00, '02:45'),
('R0005', 'P005', 'P010', 'K34', 1700.00, '01:55'),
('R0006', 'P006', 'P011', 'K33', 1500.00, '01:50'),
('R0007', 'P007', 'P012', 'K36', 3800.00, '04:30'),
('R0008', 'P001', 'P013', 'K34', 2900.00, '03:20'),
('R0009', 'P002', 'P014', 'K35', 450.00, '01:05'),
('R0010', 'P003', 'P015', 'K33', 1800.00, '02:00'),
('R0011', 'P043', 'P044', 'K03', 16.00, '00:30'),
('R0012', 'P045', 'P046', 'K04', 8.00, '00:20'),
('R0013', 'P046', 'P047', 'K05', 5.00, '00:10'),
('R0014', 'P047', 'P045', 'K06', 6.00, '00:15'),
('R0015', 'P045', 'P047', 'K04', 6.00, '00:15'),
('R0016', 'P051', 'P054', 'K07', 780.00, '10:00'),
('R0017', 'P055', 'P051', 'K08', 550.00, '08:30'),
('R0018', 'P063', 'P059', 'K09', 850.00, '12:00'),
('R0019', 'P057', 'P064', 'K10', 500.00, '10:30'),
('R0020', 'P065', 'P054', 'K11', 350.00, '07:00'),
('R0021', 'P053', 'P061', 'K12', 150.00, '02:30'),
('R0022', 'P031', 'P033', 'K01', 180.00, '03:00'),
('R0023', 'P032', 'P037', 'K01', 450.00, '06:00'),
('R0024', 'P033', 'P031', 'K01', 180.00, '03:00'),
('R0025', 'P034', 'P035', 'K01', 60.00, '00:45'),
('R0026', 'P035', 'P034', 'K01', 60.00, '00:45'),
('R0027', 'P036', 'P032', 'K01', 700.00, '09:00'),
('R0028', 'P037', 'P031', 'K01', 450.00, '06:00'),
('R0029', 'P077', 'P074', 'K60', 5.00, '00:15'),
('R0030', 'P075', 'P072', 'K60', 3.00, '00:10'),
('R0031', 'P067', 'P068', 'K13', 2.00, '00:05'),
('R0032', 'P068', 'P069', 'K13', 4.00, '00:10'),
('R0033', 'P069', 'P067', 'K13', 5.00, '00:15'),
('R0034', 'P070', 'P071', 'K14', 2.00, '00:05');
INSERT INTO RUTE (IdRute, IdAsal, IdTujuan, IdKendaraan, JarakTempuhKM, EstimasiDurasi) VALUES
('R0035', 'P017', 'P023', 'K32', 500.00, '15:00');
INSERT INTO RUTE (IdRute, IdAsal, IdTujuan, IdKendaraan, JarakTempuhKM, EstimasiDurasi) VALUES
('R0036', 'P003', 'P013', 'K33', 2000.00, '03:00');

-- JADWAL 
INSERT INTO JADWAL (IdJadwal, IdKendaraan, IdAsal, IdTujuan, TanggalKeberangkatan, TanggalTiba, JamKeberangkatan, JamKedatangan) VALUES
('J001', 'K33', 'P001', 'P006', '2023-09-05', '2023-09-05', '00:13:00', '01:28:00'),
('J002', 'K35', 'P002', 'P007', '2025-02-18', '2025-02-18', '13:37:00', '15:17:00'),
('J003', 'K33', 'P003', 'P008', '2024-11-29', '2024-11-29', '09:53:00', '11:23:00'),
('J004', 'K36', 'P004', 'P009', '2023-07-10', '2023-07-10', '13:33:00', '16:18:00'),
('J005', 'K34', 'P005', 'P010', '2025-04-03', '2025-04-03', '18:27:00', '20:22:00'),
('J006', 'K33', 'P006', 'P011', '2024-01-22', '2024-01-22', '10:34:00', '12:24:00'),
('J007', 'K36', 'P007', 'P012', '2023-10-14', '2023-10-15', '19:55:00', '00:25:00'),
('J008', 'K34', 'P001', 'P013', '2025-03-01', '2025-03-01', '00:38:00', '03:58:00'),
('J009', 'K35', 'P002', 'P014', '2024-08-25', '2024-08-25', '08:53:00', '09:58:00'),
('J010', 'K33', 'P003', 'P015', '2023-06-07', '2023-06-07', '22:39:00', '00:39:00'),
('J011', 'K03', 'P043', 'P044', '2024-12-19', '2024-12-19', '20:05:00', '20:35:00'),
('J012', 'K04', 'P045', 'P046', '2023-09-30', '2023-10-01', '11:29:00', '11:49:00'),
('J013', 'K05', 'P046', 'P047', '2025-05-11', '2025-05-12', '14:04:00', '14:14:00'),
('J014', 'K06', 'P047', 'P045', '2024-02-02', '2024-02-02', '05:05:00', '05:20:00'),
('J015', 'K04', 'P045', 'P047', '2023-07-16', '2023-07-16', '14:29:00', '14:44:00'),
('J016', 'K07', 'P051', 'P054', '2025-02-07', '2025-02-07', '21:07:00', '07:07:00'),
('J017', 'K08', 'P055', 'P051', '2024-01-08', '2024-01-08', '12:44:00', '21:14:00'),
('J018', 'K09', 'P063', 'P059', '2023-10-20', '2023-10-20', '19:44:00', '07:44:00'),
('J019', 'K10', 'P057', 'P064', '2025-03-04', '2025-03-04', '04:07:00', '14:37:00'),
('J020', 'K11', 'P065', 'P054', '2024-08-15', '2024-08-15', '22:01:00', '05:01:00'),
('J021', 'K12', 'P053', 'P061', '2023-06-26', '2023-06-26', '01:10:00', '03:40:00'),
('J022', 'K01', 'P031', 'P033', '2024-11-09', '2024-11-09', '10:52:00', '13:52:00'),
('J023', 'K01', 'P032', 'P037', '2023-09-21', '2023-09-21', '10:55:00', '16:55:00'),
('J024', 'K01', 'P033', 'P031', '2025-05-13', '2025-05-13', '02:41:00', '05:41:00'),
('J025', 'K01', 'P034', 'P035', '2024-02-05', '2024-02-06', '17:23:00', '18:08:00'),
('J026', 'K01', 'P035', 'P034', '2023-07-17', '2023-07-17', '20:35:00', '21:20:00'),
('J027', 'K01', 'P036', 'P032', '2025-04-28', '2025-04-29', '11:29:00', '20:29:00'),
('J028', 'K01', 'P037', 'P031', '2024-01-10', '2024-01-10', '22:08:00', '04:08:00'),
('J029', 'K60', 'P077', 'P074', '2023-10-23', '2023-10-23', '18:33:00', '18:48:00'),
('J030', 'K60', 'P075', 'P072', '2025-03-06', '2025-03-06', '03:33:00', '03:43:00'),
('J031', 'K13', 'P067', 'P068', '2024-08-18', '2024-08-18', '09:03:00', '09:08:00'),
('J032', 'K13', 'P068', 'P069', '2023-06-29', '2023-06-29', '01:54:00', '02:04:00'),
('J033', 'K13', 'P069', 'P067', '2024-12-01', '2024-12-01', '18:55:00', '19:10:00'),
('J034', 'K14', 'P070', 'P071', '2023-09-12', '2023-09-12', '23:51:00', '23:56:00'),
('J035', 'K32', 'P017', 'P023', '2025-07-02', '2025-07-02', '08:00:00', '23:00:00'),
('J036', 'K33', 'P003', 'P013', '2025-07-03', '2025-07-03', '09:00:00', '12:00:00'),
('J016', 'K07', 'P051', 'P054', '2025-02-07', '2025-02-07', '22:07:00', '07:07:00');



-- PENYEDIA ASURANSI 
INSERT INTO PENYEDIA_ASURANSI (IdPenyedia, IdPerusahaan) VALUES
('P001', 'PA1002'),
('P001', 'PA1037'),
('P002', 'PA1002'),
('P002', 'PA1037'),
('P003', 'PA1003'),
('P004', 'PA1004'),
('P005', 'PA1005'),
('P006', 'PA1006'),
('P007', 'PA1007'),
('P008', 'PA1008'),
('P009', 'PA1009'),
('P010', 'PA1010'),
('P011', 'PA1011'),
('P012', 'PA1012'),
('P013', 'PA1013'),
('P014', 'PA1014'),
('P015', 'PA1015'),
('P016', 'PA1016'),
('P017', 'PA1017'),
('P018', 'PA1018'),
('P019', 'PA1019'),
('P020', 'PA1020'),
('P021', 'PA1021'),
('P022', 'PA1022'),
('P023', 'PA1023'),
('P024', 'PA1024'),
('P025', 'PA1025'),
('P026', 'PA1026'),
('P027', 'PA1027'),
('P028', 'PA1028'),
('P029', 'PA1029'),
('P030', 'PA1030'),
('P031', 'PA1031'),
('P032', 'PA1032'),
('P033', 'PA1033'),
('P034', 'PA1034'),
('P035', 'PA1035'),
('P036', 'PA1036'),
('P037', 'PA1037'),
('P038', 'PA1038'),
('P039', 'PA1039'),
('P040', 'PA1040'),
('P041', 'PA1041'),
('P042', 'PA1042'),
('P043', 'PA1043'),
('P044', 'PA1044'),
('P045', 'PA1002'),
('P046', 'PA1045'),
('P047', 'PA1046'),
('P048', 'PA1047'),
('P049', 'PA1048');

-- ASURANSI_KENDARAAN
INSERT INTO ASURANSI_KENDARAAN (IdPerusahaan, IdKendaraan) VALUES
('PA1002', 'K01'),
('PA1037', 'K01'),
('PA1002', 'K02'),
('PA1037', 'K02'),
('PA1037', 'K44'),
('PA1003', 'K03'),
('PA1003', 'K04'),
('PA1004', 'K04'),
('PA1003', 'K05'),
('PA1003', 'K06'),
('PA1005', 'K07'),
('PA1006', 'K08'),
('PA1007', 'K09'),
('PA1008', 'K10'),
('PA1009', 'K11'),
('PA1010', 'K12'),
('PA1031', 'K37'),
('PA1032', 'K38'),
('PA1033', 'K39'),
('PA1045', 'K56'),
('PA1011', 'K13'),
('PA1012', 'K14'),
('PA1013', 'K15'),
('PA1014', 'K16'),
('PA1035', 'K42'),
('PA1036', 'K43'),
('PA1036', 'K60'),
('PA1042', 'K52'),
('PA1015', 'K17'),
('PA1016', 'K18'),
('PA1017', 'K19'),
('PA1018', 'K20'),
('PA1019', 'K21'),
('PA1020', 'K22'),
('PA1021', 'K23'),
('PA1018', 'K24'),
('PA1019', 'K25'),
('PA1020', 'K26'),
('PA1021', 'K27'),
('PA1018', 'K45'),
('PA1019', 'K46'),
('PA1016', 'K47'),
('PA1022', 'K28'),
('PA1023', 'K29'),
('PA1024', 'K30'),
('PA1025', 'K31'),
('PA1026', 'K32'),
('PA1025', 'K48'),
('PA1025', 'K49'),
('PA1026', 'K57'),
('PA1028', 'K33'),
('PA1029', 'K34'),
('PA1030', 'K35'),
('PA1043', 'K36'),
('PA1040', 'K50'),
('PA1041', 'K51'),
('PA1047', 'K58'),
('PA1048', 'K59'),
('PA1034', 'K40'),
('PA1034', 'K41');

-- RUTE PEMBERHENTIAN
INSERT INTO RUTE_PEMBERHENTIAN (IdKendaraan, IdPemberhentian) VALUES
('K01', 'P031'),
('K01', 'P032'),
('K01', 'P033'),
('K01', 'P034'),
('K01', 'P035'),
('K01', 'P036'),
('K01', 'P037'),
('K02', 'P038'),
('K02', 'P039'),
('K02', 'P040'),
('K02', 'P041'),
('K02', 'P042'),
('K44', 'P031'),
('K44', 'P034'),
('K44', 'P036'),
('K03', 'P043'),
('K03', 'P044'),
('K04', 'P045'),
('K05', 'P048'),
('K06', 'P046'),
('K06', 'P047'),
('K07', 'P051'),
('K07', 'P054'),
('K08', 'P052'),
('K08', 'P055'),
('K09', 'P053'),
('K09', 'P056'),
('K10', 'P051'),
('K10', 'P057'),
('K11', 'P054'),
('K11', 'P058'),
('K12', 'P059'),
('K37', 'P051'),
('K38', 'P054'),
('K39', 'P056'),
('K56', 'P051'),
('K13', 'P066'),
('K13', 'P067'),
('K14', 'P070'),
('K14', 'P071'),
('K15', 'P073'),
('K16', 'P072'),
('K16', 'P075'),
('K42', 'P078'),
('K43', 'P080'),
('K60', 'P074'),
('K60', 'P077'),
('K52', 'P051'),
('K17', 'P090'),
('K17', 'P081'),
('K18', 'P088'),
('K19', 'P089'),
('K53', 'P088'),
('K54', 'P088'),
('K20', 'P086'),
('K20', 'P087'),
('K21', 'P086'),
('K22', 'P086'),
('K23', 'P086'),
('K24', 'P086'),
('K24', 'P087'),
('K25', 'P086'),
('K26', 'P086'),
('K27', 'P086'),
('K45', 'P086'),
('K46', 'P086'),
('K47', 'P086'),
('K28', 'P091'),
('K29', 'P092'),
('K30', 'P091'),
('K31', 'P016'),
('K31', 'P017'),
('K32', 'P020'),
('K32', 'P021'),
('K48', 'P025'),
('K49', 'P094'),
('K57', 'P020'),
('K33', 'P001'),
('K33', 'P006'),
('K34', 'P002'),
('K34', 'P007'),
('K35', 'P003'),
('K35', 'P008'),
('K36', 'P004'),
('K36', 'P009'),
('K50', 'P001'),
('K51', 'P002'),
('K58', 'P001'),
('K59', 'P001'),
('K40', 'P001'),
('K41', 'P001');

-- RUTE JADWAL 
INSERT INTO RUTE_JADWAL (IdKendaraan, IdJadwal, IdRute, JalurRute, IdAsal, JarakTempuhKM, TujuanRute, EstimasiDurasi, TarifPerjalanan) VALUES
('K33', 'J001', 'R0001', 'Rute dari P001 ke P006', 'P001', 1200.00, 'P006', '01:15', 1300000.00),
('K35', 'J002', 'R0002', 'Rute dari P002 ke P007', 'P002', 1350.00, 'P007', '01:40', 1375000.00),
('K33', 'J003', 'R0003', 'Rute dari P003 ke P008', 'P003', 1100.00, 'P008', '01:30', 1250000.00),
('K36', 'J004', 'R0004', 'Rute dari P004 ke P009', 'P004', 2500.00, 'P009', '02:45', 1950000.00),
('K34', 'J005', 'R0005', 'Rute dari P005 ke P010', 'P005', 1700.00, 'P010', '01:55', 1550000.00),
('K33', 'J006', 'R0006', 'Rute dari P006 ke P011', 'P006', 1500.00, 'P011', '01:50', 1450000.00),
('K36', 'J007', 'R0007', 'Rute dari P007 ke P012', 'P007', 3800.00, 'P012', '04:30', 2600000.00),
('K34', 'J008', 'R0008', 'Rute dari P001 ke P013', 'P001', 2900.00, 'P013', '03:20', 2150000.00),
('K35', 'J009', 'R0009', 'Rute dari P002 ke P014', 'P002', 450.00, 'P014', '01:05', 722500.00),
('K33', 'J010', 'R0010', 'Rute dari P003 ke P015', 'P003', 1800.00, 'P015', '02:00', 1600000.00),
('K03', 'J011', 'R0011', 'Rute dari P043 ke P044', 'P043', 16.00, 'P044', '00:30', 10001.60),
('K04', 'J012', 'R0012', 'Rute dari P045 ke P046', 'P045', 8.00, 'P046', '00:20', 8000.80),
('K05', 'J013', 'R0013', 'Rute dari P046 ke P047', 'P046', 5.00, 'P047', '00:10', 7000.50),
('K06', 'J014', 'R0014', 'Rute dari P047 ke P045', 'P047', 6.00, 'P045', '00:15', 9000.60),
('K04', 'J015', 'R0015', 'Rute dari P045 ke P047', 'P045', 6.00, 'P047', '00:15', 8000.60),
('K07', 'J016', 'R0016', 'Rute dari P051 ke P054', 'P051', 780.00, 'P054', '09:00', 189000.00),
('K08', 'J017', 'R0017', 'Rute dari P055 ke P051', 'P055', 550.00, 'P051', '08:30', 177500.00),
('K09', 'J018', 'R0018', 'Rute dari P063 ke P059', 'P063', 850.00, 'P059', '12:00', 192500.00),
('K10', 'J019', 'R0019', 'Rute dari P057 ke P064', 'P057', 500.00, 'P064', '10:30', 175000.00),
('K11', 'J020', 'R0020', 'Rute dari P065 ke P054', 'P065', 350.00, 'P054', '07:00', 167500.00),
('K12', 'J021', 'R0021', 'Rute dari P053 ke P061', 'P053', 150.00, 'P061', '02:30', 157500.00),
('K01', 'J022', 'R0022', 'Rute dari P031 ke P033', 'P031', 180.00, 'P033', '03:00', 268000.00),
('K01', 'J023', 'R0023', 'Rute dari P032 ke P037', 'P032', 450.00, 'P037', '06:00', 295000.00),
('K01', 'J024', 'R0024', 'Rute dari P033 ke P031', 'P033', 180.00, 'P031', '03:00', 268000.00),
('K01', 'J025', 'R0025', 'Rute dari P034 ke P035', 'P034', 60.00, 'P035', '00:45', 256000.00),
('K01', 'J026', 'R0026', 'Rute dari P035 ke P034', 'P035', 60.00, 'P034', '00:45', 256000.00),
('K01', 'J027', 'R0027', 'Rute dari P036 ke P032', 'P036', 700.00, 'P032', '09:00', 320000.00),
('K01', 'J028', 'R0028', 'Rute dari P037 ke P031', 'P037', 450.00, 'P031', '06:00', 295000.00),
('K60', 'J029', 'R0029', 'Rute dari P077 ke P074', 'P077', 5.00, 'P074', '00:15', 3500.50),
('K60', 'J030', 'R0030', 'Rute dari P075 ke P072', 'P075', 3.00, 'P072', '00:10', 3500.30),
('K13', 'J031', 'R0031', 'Rute dari P067 ke P068', 'P067', 2.00, 'P068', '00:05', 3500.20),
('K13', 'J032', 'R0032', 'Rute dari P068 ke P069', 'P068', 4.00, 'P069', '00:10', 3500.40),
('K13', 'J033', 'R0033', 'Rute dari P069 ke P067', 'P069', 5.00, 'P067', '00:15', 3500.50),
('K14', 'J034', 'R0034', 'Rute dari P070 ke P071', 'P070', 2.00, 'P071', '00:05', 3500.20),
('K01', 'J022', 'R0022', 'Rute dari P031 ke P033', 'P031', 180.00, 'P033', '03:00', 268000.00), 
('K01', 'J024', 'R0024', 'Rute dari P033 ke P031', 'P033', 180.00, 'P031', '03:00', 268000.00), 
('K01', 'J025', 'R0025', 'Rute dari P034 ke P035', 'P034', 60.00, 'P035', '00:45', 256000.00), 
('K34', 'J008', 'R0008', 'Rute dari P001 ke P013', 'P001', 2900.00, 'P013', '03:20', 2150000.00),
('K32', 'J035', 'R0035', 'Rute dari P017 ke P023', 'P017', 500.00, 'P023', '15:00', 75000.00),
('K33', 'J036', 'R0036', 'Rute dari P003 ke P013', 'P003', 2000.00, 'P013', '03:00', 1700000.00),
('K07', 'J016', 'R0016', 'Rute dari P051 ke P054', 'P051', 780.00, 'P054', '09:00', 189000.00);

